Applicant_ID,Age,Gender,Annual_Income,Monthly_Income,Employment_Status,Occupation,Loan_Amount,Loan_Term,Interest_Rate,Credit_Score,Existing_Debt,Number_of_Credit_Cards,Number_of_Previous_Loans,Loan_Purpose,Property_Ownership,Marital_Status,Dependents,Savings_Balance,Checking_Balance,Payment_History,Previous_Defaults,Years_at_Current_Job,Loan_Default
100000,25,Other,187760.05,15646.67,Self-Employed,Clerk,372089.42,180,16.83,807,57843.79,2,5,Home,Mortgaged,Single,5,28933.97,35137.95,Poor,2,2,0
100001,58,Male,106509.85,8875.82,Employed,Clerk,450984.01,240,16.66,585,105604.83,3,5,Business,Owned,Single,4,58623.36,1372.51,Poor,2,23,0
100002,53,Female,210359.91,17529.99,Unemployed,Engineer,300134.41,24,7.25,638,117998.19,8,7,Home,Mortgaged,Divorced,1,62178.77,10486.48,Fair,1,22,0
100003,42,Female,148412.89,12367.74,Employed,Engineer,265230.07,36,4.18,494,72403.62,1,2,Home,Rented,Widowed,5,63204.18,4755.66,Good,1,30,1
100004,42,Other,38759.27,3229.94,Employed,Doctor,445300.95,12,9.12,790,63813.06,1,6,Auto,Mortgaged,Divorced,5,59208.64,3920.41,Good,0,20,0
100005,63,Male,196444.06,16370.34,Employed,Clerk,228321.94,60,6.41,341,86612.85,3,1,Auto,Rented,Widowed,0,18529.81,37825.64,Good,1,23,0
100006,25,Female,115299.36,9608.28,Employed,Clerk,406162.21,60,10.82,452,87774.51,6,7,Home,Rented,Widowed,0,23126.93,32222.78,Excellent,0,12,0
100007,55,Male,44035.99,3669.67,Employed,Teacher,28815.49,12,21.62,846,63821.88,8,0,Medical,Mortgaged,Married,1,75363.28,14589.01,Poor,1,13,0
100008,30,Other,46301.48,3858.46,Employed,Clerk,2642.39,120,6.85,566,113649.43,5,6,Personal,Rented,Single,4,44308.83,27491.72,Fair,3,14,0
100009,25,Female,155944.46,12995.37,Employed,Engineer,265089.66,12,9.4,396,59958.22,4,0,Business,Rented,Divorced,3,60356.03,36777.81,Good,0,33,0
100010,46,Female,24711.36,2059.28,Employed,Teacher,38658.72,180,16.91,527,67949.75,8,7,Education,Mortgaged,Divorced,3,47935.65,8832.54,Excellent,2,16,0
100011,68,Female,73751.72,6145.98,Employed,Clerk,488318.42,180,12.92,440,90797.73,1,7,Auto,Rented,Widowed,2,73960.15,566.03,Excellent,0,30,0
100012,57,Male,43656.46,3638.04,Unemployed,Doctor,4739.58,240,4.31,589,148027.34,9,6,Medical,Mortgaged,Divorced,2,69502.55,32964.33,Poor,2,11,0
100013,58,Other,105420.87,8785.07,Employed,Doctor,359638.52,24,6.49,429,39102.92,3,6,Personal,Rented,Widowed,3,20909.98,28907.93,Excellent,1,23,0
100014,56,Female,99942.52,8328.54,Employed,Unemployed,123205.58,240,20.8,520,34792.92,2,3,Personal,Owned,Widowed,0,70776.76,6410.29,Excellent,2,9,0
100015,59,Male,121984.67,10165.39,Employed,Driver,483840.9,84,5.41,800,26533.09,9,1,Education,Mortgaged,Divorced,3,24003.15,19585.83,Good,1,13,0
100016,46,Female,72325.45,6027.12,Employed,Business Owner,192007.74,240,15.25,345,103416.63,6,7,Home,Owned,Divorced,1,35278.44,6417.36,Fair,3,30,1
100017,27,Other,21568.94,1797.41,Employed,Driver,15587.15,120,18.16,720,67364.2,4,4,Business,Owned,Single,4,68098.69,24104.55,Excellent,2,23,0
100018,62,Other,140949.15,11745.76,Employed,Engineer,15414.01,120,8.41,343,58290.95,3,6,Education,Mortgaged,Widowed,1,25921.53,25902.8,Excellent,2,17,0
100019,43,Female,91612.19,7634.35,Self-Employed,Unemployed,277579.94,12,16.91,551,30613.56,4,5,Auto,Owned,Divorced,0,23261.75,11067.31,Fair,2,14,0
100020,45,Male,148523.67,12376.97,Employed,Business Owner,493382.57,120,6.64,668,133670.76,7,5,Auto,Owned,Widowed,2,53492.55,31233.49,Poor,3,27,0
100021,39,Female,37276.73,3106.39,Employed,Driver,489927.22,60,8.77,826,66475.96,1,2,Home,Rented,Single,2,79974.11,18943.85,Good,2,5,0
100022,29,Female,17824.36,1485.36,Employed,Unemployed,169961.94,240,9.27,437,91154.0,1,3,Medical,Owned,Single,3,10484.56,28254.32,Fair,0,29,0
100023,66,Female,65900.32,5491.69,Unemployed,Doctor,242386.42,120,21.93,329,16879.44,3,3,Home,Rented,Divorced,5,56084.85,25592.45,Good,0,21,0
100024,59,Male,108592.2,9049.35,Self-Employed,Unemployed,52026.99,12,7.47,713,16195.83,4,4,Personal,Owned,Married,4,42156.43,18030.36,Fair,2,11,0
100025,52,Female,95784.75,7982.06,Retired,Engineer,262044.07,240,5.89,792,10103.18,8,5,Medical,Mortgaged,Divorced,2,32849.4,11708.69,Good,1,24,0
100026,40,Female,181112.02,15092.67,Self-Employed,Teacher,300651.4,12,20.63,611,55101.91,2,1,Home,Owned,Married,4,59988.7,8172.18,Fair,2,34,0
100027,61,Other,92456.72,7704.73,Self-Employed,Doctor,127028.71,36,6.5,333,70932.99,7,1,Business,Owned,Divorced,3,44386.91,29837.76,Fair,2,12,0
100028,47,Female,123740.44,10311.7,Employed,Clerk,306832.99,36,19.77,575,36686.72,9,0,Home,Rented,Divorced,1,63824.89,25677.74,Excellent,0,13,0
100029,42,Female,136670.7,11389.22,Unemployed,Engineer,450046.99,360,15.53,515,52451.63,4,4,Personal,Owned,Single,0,59508.32,11237.68,Excellent,2,32,0
100030,43,Female,19475.44,1622.95,Employed,Driver,2475.76,24,14.17,548,939.01,9,5,Business,Rented,Widowed,0,78809.52,38683.97,Fair,3,12,0
100031,32,Male,120602.34,10050.2,Employed,Engineer,116009.02,240,17.4,329,52663.27,8,1,Home,Mortgaged,Married,1,64869.27,32413.56,Excellent,1,29,0
100032,25,Male,85690.41,7140.87,Employed,Unemployed,106539.94,36,16.93,474,17875.7,7,5,Personal,Mortgaged,Divorced,4,5343.98,5072.09,Fair,3,31,0
100033,48,Other,101362.43,8446.87,Employed,Teacher,63695.33,120,5.54,850,19257.67,3,0,Personal,Rented,Divorced,2,62366.34,6502.54,Good,3,20,0
100034,64,Other,35558.92,2963.24,Employed,Clerk,84718.4,12,21.99,325,675.91,3,6,Medical,Mortgaged,Divorced,2,51976.26,21761.91,Excellent,1,2,0
100035,24,Other,175478.22,14623.18,Employed,Driver,313704.45,48,20.92,803,104457.08,8,5,Education,Mortgaged,Married,2,7183.23,4095.18,Fair,3,2,0
100036,63,Female,208192.87,17349.41,Employed,Clerk,53141.81,120,20.09,585,139692.57,4,5,Medical,Mortgaged,Single,1,48439.14,38573.52,Good,3,9,0
100037,61,Male,19565.11,1630.43,Self-Employed,Driver,369788.74,180,15.01,622,93231.83,0,5,Business,Mortgaged,Single,4,60064.29,25520.94,Poor,3,0,1
100038,34,Other,138281.42,11523.45,Employed,Doctor,443737.25,240,13.17,814,14430.31,7,2,Business,Rented,Widowed,0,15775.56,2646.96,Excellent,1,26,0
100039,51,Female,171588.03,14299.0,Self-Employed,Unemployed,463440.69,240,13.42,420,148447.42,3,7,Education,Mortgaged,Single,3,34792.93,17739.43,Excellent,2,22,1
100040,29,Male,73385.56,6115.46,Employed,Clerk,330767.56,84,3.78,842,146337.78,9,5,Auto,Owned,Single,5,43398.9,8878.74,Excellent,2,15,0
100041,58,Other,176448.89,14704.07,Self-Employed,Unemployed,100303.41,48,12.74,452,70235.18,8,1,Business,Rented,Widowed,5,33052.22,19618.03,Excellent,1,28,0
100042,55,Other,144632.79,12052.73,Employed,Clerk,44477.69,36,15.04,492,16180.38,1,7,Personal,Mortgaged,Single,2,70080.38,9881.02,Fair,2,4,0
100043,38,Other,205478.34,17123.2,Unemployed,Unemployed,117548.43,360,15.69,547,108110.9,9,5,Home,Rented,Married,5,13512.26,33271.85,Good,3,17,0
100044,24,Male,216105.99,18008.83,Employed,Driver,481054.68,120,9.64,631,144220.23,9,2,Education,Mortgaged,Married,1,61724.44,28843.97,Excellent,0,11,0
100045,68,Other,23680.95,1973.41,Employed,Engineer,481247.91,360,12.22,477,116804.94,7,7,Home,Owned,Divorced,1,62247.3,36263.13,Poor,3,0,1
100046,42,Female,106212.24,8851.02,Employed,Doctor,192195.6,60,15.27,737,93630.43,2,1,Education,Rented,Divorced,2,35842.4,7918.3,Excellent,1,16,0
100047,64,Female,127132.5,10594.38,Employed,Unemployed,164244.19,60,11.42,311,91624.79,6,5,Personal,Rented,Divorced,0,43158.24,15415.69,Good,3,5,0
100048,54,Other,45082.36,3756.86,Employed,Engineer,255985.27,240,21.3,667,146687.72,8,5,Personal,Owned,Divorced,1,12285.0,32218.66,Poor,0,1,0
100049,59,Female,83938.6,6994.88,Self-Employed,Driver,147260.67,180,16.55,661,10967.9,8,7,Home,Rented,Widowed,5,15612.61,14953.86,Fair,3,7,0
100050,58,Male,217467.73,18122.31,Retired,Engineer,489871.9,36,3.52,594,22433.4,4,4,Personal,Owned,Divorced,4,42533.18,15163.54,Good,1,6,0
100051,30,Male,18327.24,1527.27,Self-Employed,Unemployed,112168.25,84,3.93,637,124621.72,7,7,Home,Rented,Divorced,1,17974.46,39441.54,Poor,3,21,1
100052,38,Female,107764.13,8980.34,Employed,Driver,185833.06,36,16.27,711,21766.96,3,2,Home,Mortgaged,Widowed,1,64517.23,30834.53,Good,1,27,0
100053,43,Other,187744.2,15645.35,Employed,Teacher,215826.7,180,11.13,798,57494.47,2,6,Medical,Mortgaged,Single,2,49297.45,34432.7,Excellent,2,17,0
100054,45,Other,81399.76,6783.31,Self-Employed,Driver,64281.88,12,19.03,420,42224.89,6,1,Home,Owned,Widowed,0,4526.29,16278.91,Excellent,2,22,0
100055,23,Female,113358.69,9446.56,Self-Employed,Engineer,192646.76,240,6.7,562,36516.71,4,7,Auto,Owned,Single,0,28630.13,23436.74,Poor,0,3,0
100056,47,Other,215499.38,17958.28,Employed,Clerk,428651.9,360,3.76,609,3858.29,2,6,Home,Rented,Married,5,68674.07,18022.14,Excellent,0,27,0
100057,28,Other,112349.75,9362.48,Retired,Unemployed,71899.78,12,10.68,489,84937.69,6,5,Business,Mortgaged,Single,4,22195.52,18011.74,Fair,2,17,0
100058,57,Female,41838.87,3486.57,Employed,Teacher,292842.93,120,17.12,836,60185.93,3,0,Business,Owned,Divorced,4,57577.43,5107.97,Excellent,1,14,0
100059,54,Female,25602.91,2133.58,Self-Employed,Teacher,204505.29,12,21.48,581,82738.53,5,3,Medical,Mortgaged,Widowed,1,7504.01,33685.31,Excellent,2,30,0
100060,66,Other,208810.4,17400.87,Retired,Business Owner,86927.29,48,19.85,626,45676.23,3,1,Medical,Rented,Married,5,74442.69,15621.7,Poor,3,10,1
100061,57,Female,69490.93,5790.91,Self-Employed,Business Owner,8143.41,48,12.46,407,141219.13,8,7,Personal,Owned,Divorced,1,35947.65,23272.98,Poor,3,15,1
100062,38,Male,118333.1,9861.09,Employed,Engineer,138124.97,84,18.54,529,88702.08,8,3,Education,Rented,Married,5,39325.25,34282.87,Excellent,0,32,0
100063,68,Other,33593.86,2799.49,Employed,Clerk,32790.82,360,4.8,644,144181.06,4,6,Home,Rented,Widowed,3,45586.41,30939.09,Excellent,1,5,0
100064,41,Female,101849.3,8487.44,Employed,Teacher,189630.7,60,14.09,536,52500.89,7,7,Medical,Mortgaged,Widowed,1,29074.59,7929.52,Fair,0,18,0
100065,36,Female,205671.63,17139.3,Self-Employed,Engineer,405484.51,48,20.6,724,343.43,1,0,Business,Owned,Divorced,4,58022.82,24740.45,Good,2,20,0
100066,65,Other,117994.66,9832.89,Employed,Teacher,360403.26,12,10.83,375,117189.83,9,6,Auto,Rented,Married,2,1166.69,19829.24,Good,2,24,0
100067,39,Other,214082.71,17840.23,Self-Employed,Engineer,473797.09,240,21.26,384,124106.83,2,2,Business,Rented,Widowed,1,12976.34,10406.09,Excellent,3,32,0
100068,24,Male,68061.31,5671.78,Unemployed,Unemployed,214653.68,48,7.58,486,8805.51,8,0,Education,Mortgaged,Single,4,15105.67,1634.32,Poor,1,12,0
100069,44,Female,118431.77,9869.31,Employed,Unemployed,354485.1,60,5.45,475,93805.38,8,2,Education,Mortgaged,Widowed,4,50827.21,25191.65,Excellent,1,4,0
100070,59,Male,191203.81,15933.65,Employed,Business Owner,333340.18,12,13.21,749,99152.68,1,4,Education,Rented,Widowed,3,71248.07,31194.2,Excellent,2,13,0
100071,30,Female,106891.73,8907.64,Employed,Unemployed,110089.06,36,20.28,778,21860.08,0,6,Personal,Owned,Divorced,2,5091.18,37668.74,Good,0,5,0
100072,43,Female,72294.91,6024.58,Employed,Clerk,153184.09,84,9.26,560,82878.68,7,5,Home,Owned,Divorced,1,68196.69,14199.35,Excellent,0,25,0
100073,27,Female,190372.45,15864.37,Employed,Unemployed,265855.11,360,18.3,578,36479.83,8,1,Medical,Mortgaged,Married,2,65561.09,15968.69,Good,2,19,0
100074,54,Other,94927.34,7910.61,Employed,Teacher,398735.34,48,6.63,462,2467.76,7,2,Home,Mortgaged,Married,5,6130.05,6520.23,Good,1,26,0
100075,44,Female,123798.27,10316.52,Employed,Teacher,231982.74,84,17.29,593,130036.66,0,2,Home,Mortgaged,Single,2,11458.27,39384.64,Good,1,11,1
100076,37,Female,215188.05,17932.34,Employed,Driver,115415.29,240,13.8,689,73754.28,6,5,Personal,Mortgaged,Married,5,28003.63,33983.48,Good,3,33,0
100077,32,Female,53229.08,4435.76,Employed,Teacher,496745.91,48,6.74,698,117254.87,3,4,Home,Rented,Divorced,0,9173.57,38304.15,Excellent,0,31,0
100078,48,Male,76787.13,6398.93,Employed,Driver,59558.25,36,16.78,833,108433.95,9,0,Personal,Mortgaged,Married,0,60662.89,19813.89,Poor,3,32,0
100079,53,Male,21369.27,1780.77,Employed,Business Owner,478032.68,12,16.7,618,149055.79,8,0,Personal,Mortgaged,Widowed,1,40325.55,8391.26,Good,2,24,1
100080,67,Other,95326.73,7943.89,Employed,Business Owner,404905.05,360,13.04,487,65693.01,7,0,Education,Rented,Widowed,0,32861.17,22927.38,Good,1,6,0
100081,42,Male,56037.6,4669.8,Employed,Clerk,419768.97,24,7.67,338,64132.59,4,7,Education,Owned,Divorced,5,57995.81,14883.68,Excellent,3,5,1
100082,28,Male,154407.16,12867.26,Self-Employed,Driver,397868.96,36,5.95,679,42263.34,3,4,Medical,Rented,Married,2,23431.63,13914.58,Good,2,33,0
100083,61,Other,52170.9,4347.58,Employed,Engineer,105669.13,24,21.21,742,93772.08,8,3,Personal,Rented,Married,0,69722.51,3294.57,Fair,1,30,0
100084,51,Male,153336.61,12778.05,Employed,Driver,317026.02,180,15.63,604,72916.88,1,6,Business,Mortgaged,Divorced,3,52317.34,2925.97,Fair,1,30,1
100085,55,Female,69012.46,5751.04,Unemployed,Driver,378861.41,48,18.47,808,109314.17,1,1,Home,Mortgaged,Divorced,5,27720.42,15151.94,Fair,1,22,0
100086,25,Other,87819.66,7318.3,Employed,Driver,373351.52,180,16.39,474,53476.75,0,0,Business,Mortgaged,Single,5,43189.82,37047.94,Excellent,3,29,0
100087,36,Female,86516.43,7209.7,Employed,Unemployed,137239.55,120,18.85,329,19626.71,5,2,Home,Owned,Married,0,20755.88,28920.95,Poor,1,17,0
100088,58,Male,161934.11,13494.51,Employed,Driver,92197.46,12,6.51,648,129365.32,0,1,Auto,Mortgaged,Married,4,78798.46,30422.34,Excellent,0,5,0
100089,61,Male,110634.4,9219.53,Employed,Clerk,165405.25,48,12.69,366,124207.04,5,6,Personal,Rented,Married,2,34848.35,9371.63,Excellent,2,8,1
100090,42,Other,89066.27,7422.19,Employed,Clerk,240962.55,12,15.84,346,52650.03,1,6,Education,Mortgaged,Single,5,71741.93,29381.18,Good,3,29,0
100091,60,Male,189787.66,15815.64,Self-Employed,Business Owner,287742.81,12,5.41,686,103552.76,8,5,Medical,Owned,Widowed,3,78241.64,16252.77,Excellent,1,22,0
100092,62,Other,132249.88,11020.82,Self-Employed,Driver,418801.28,60,6.27,539,73860.44,4,7,Medical,Mortgaged,Married,4,42863.4,2375.62,Good,3,34,0
100093,39,Male,58835.32,4902.94,Employed,Business Owner,384979.05,36,15.23,633,114145.81,0,3,Home,Owned,Divorced,5,58399.65,15792.54,Excellent,1,31,1
100094,65,Male,199518.71,16626.56,Employed,Doctor,338722.96,12,19.57,711,58519.86,6,1,Medical,Rented,Single,5,45779.74,5250.15,Fair,1,26,0
100095,35,Other,85243.31,7103.61,Employed,Engineer,133217.67,60,15.72,510,80345.89,3,2,Medical,Mortgaged,Married,0,7325.41,34147.98,Fair,2,1,1
100096,32,Other,22990.77,1915.9,Employed,Business Owner,240482.49,60,4.17,636,8672.42,2,1,Home,Owned,Single,4,76193.44,33611.76,Good,0,6,0
100097,54,Other,116393.05,9699.42,Employed,Teacher,169047.07,360,21.45,597,26236.5,6,7,Education,Mortgaged,Married,0,36530.92,11498.76,Good,3,13,0
100098,52,Other,40407.3,3367.28,Self-Employed,Clerk,118994.23,120,6.08,619,117264.84,9,4,Medical,Mortgaged,Widowed,5,71525.05,24476.89,Good,2,1,1
100099,27,Male,63885.62,5323.8,Unemployed,Clerk,7102.19,48,7.8,687,57234.82,9,6,Home,Mortgaged,Divorced,3,52448.43,14550.39,Fair,1,32,0
100100,61,Other,168157.73,14013.14,Employed,Driver,171052.06,60,21.54,509,5265.81,4,2,Home,Mortgaged,Widowed,1,8415.27,6169.05,Good,0,7,0
100101,30,Other,41804.12,3483.68,Self-Employed,Clerk,129545.9,12,17.76,577,25145.44,8,5,Business,Rented,Married,1,33364.24,25976.29,Good,2,13,0
100102,60,Male,180423.57,15035.3,Employed,Teacher,286807.36,48,20.83,625,61739.7,2,2,Medical,Rented,Widowed,5,15667.85,30404.27,Excellent,2,23,0
100103,21,Male,207065.99,17255.5,Employed,Clerk,33026.28,84,18.42,377,107686.97,8,3,Auto,Owned,Single,3,13588.79,30988.91,Excellent,3,1,0
100104,60,Other,139339.08,11611.59,Unemployed,Engineer,136718.76,12,15.56,416,54522.76,9,5,Personal,Owned,Widowed,1,57207.1,5968.82,Good,1,22,1
100105,59,Male,160623.63,13385.3,Employed,Driver,24295.21,360,8.76,349,111777.86,5,7,Personal,Rented,Divorced,4,2401.6,20503.14,Fair,0,3,1
100106,59,Other,161285.26,13440.44,Self-Employed,Driver,321426.12,84,9.55,409,128709.09,5,4,Home,Mortgaged,Single,4,77291.25,955.97,Fair,1,31,1
100107,53,Male,218525.63,18210.47,Self-Employed,Teacher,284958.4,180,21.02,541,51170.49,5,5,Auto,Owned,Divorced,0,35993.87,3606.78,Poor,3,24,0
100108,44,Male,85015.34,7084.61,Unemployed,Teacher,170065.05,36,19.42,816,120056.34,0,4,Business,Mortgaged,Married,1,39180.61,3242.05,Good,3,11,1
100109,55,Male,48385.59,4032.13,Employed,Engineer,75372.63,240,10.15,808,19032.1,8,3,Education,Owned,Single,5,23954.31,2287.63,Good,1,24,0
100110,34,Male,121429.28,10119.11,Employed,Business Owner,479044.08,48,10.41,720,62292.53,7,7,Auto,Owned,Widowed,2,6849.29,13350.77,Fair,0,10,0
100111,59,Other,124316.21,10359.68,Self-Employed,Engineer,293027.44,360,9.01,607,14634.36,8,7,Auto,Owned,Divorced,0,47059.41,14307.18,Good,0,4,0
100112,48,Other,51472.06,4289.34,Self-Employed,Unemployed,340198.46,84,9.53,411,7879.2,1,2,Business,Owned,Divorced,3,27580.36,27914.81,Good,2,0,1
100113,43,Other,140687.43,11723.95,Employed,Engineer,266611.68,120,19.42,497,9679.11,8,7,Personal,Owned,Divorced,5,49925.81,13195.19,Fair,0,7,0
100114,45,Other,17895.57,1491.3,Self-Employed,Doctor,403653.56,36,3.69,722,15712.8,3,3,Education,Rented,Single,3,44461.58,5615.83,Excellent,2,24,0
100115,48,Male,205172.02,17097.67,Employed,Clerk,448397.26,360,11.57,800,125358.89,8,5,Medical,Mortgaged,Married,5,17352.87,37875.03,Excellent,0,19,0
100116,22,Other,69237.73,5769.81,Employed,Teacher,192589.85,24,20.94,830,81551.57,9,4,Personal,Mortgaged,Divorced,0,36932.31,35019.06,Good,1,9,0
100117,27,Female,23109.84,1925.82,Unemployed,Driver,345632.61,12,13.54,514,142108.23,8,6,Education,Rented,Married,4,24645.04,4969.03,Good,3,24,1
100118,33,Female,37191.14,3099.26,Employed,Engineer,116483.97,60,11.83,568,80700.05,9,6,Personal,Rented,Widowed,3,19177.93,14511.15,Excellent,1,13,0
100119,26,Other,64251.03,5354.25,Employed,Unemployed,326623.81,240,9.28,580,94306.7,1,3,Education,Rented,Married,5,61576.35,6723.39,Excellent,2,5,1
100120,42,Other,71150.76,5929.23,Retired,Driver,200779.5,360,4.87,330,27672.59,3,5,Personal,Owned,Married,3,952.53,38364.46,Excellent,1,23,1
100121,53,Other,21726.05,1810.5,Self-Employed,Doctor,5377.24,240,7.65,364,81087.15,2,4,Medical,Rented,Married,4,21510.63,14239.1,Fair,3,15,0
100122,53,Female,72267.74,6022.31,Unemployed,Unemployed,477852.88,84,5.17,324,57795.38,5,6,Personal,Rented,Single,0,42486.85,3924.7,Poor,1,23,1
100123,44,Female,54553.06,4546.09,Employed,Business Owner,434483.89,360,5.84,706,139715.3,9,1,Home,Owned,Widowed,0,38091.68,29073.76,Poor,3,19,0
100124,62,Other,92617.29,7718.11,Retired,Teacher,146836.6,60,6.53,423,140088.18,6,5,Home,Rented,Single,4,75213.23,28468.7,Fair,3,3,1
100125,48,Male,93959.39,7829.95,Employed,Teacher,498883.14,60,9.09,685,29774.79,5,4,Personal,Rented,Married,0,67492.6,9641.38,Excellent,1,1,0
100126,24,Male,84496.59,7041.38,Employed,Unemployed,159929.58,24,3.7,506,93019.63,8,3,Medical,Rented,Widowed,5,60128.21,12858.47,Excellent,0,3,0
100127,58,Female,82224.4,6852.03,Employed,Business Owner,230504.4,180,21.08,737,95726.37,1,2,Business,Mortgaged,Widowed,0,41126.25,16600.76,Good,3,7,0
100128,49,Male,33394.91,2782.91,Self-Employed,Driver,425927.0,48,5.79,363,84380.26,6,5,Auto,Owned,Single,4,34312.54,10708.0,Good,2,7,1
100129,52,Male,20167.01,1680.58,Unemployed,Business Owner,153688.98,24,10.59,479,18649.46,5,2,Medical,Rented,Married,2,2925.57,11555.51,Fair,3,32,1
100130,48,Other,56433.43,4702.79,Self-Employed,Unemployed,226369.06,48,19.77,412,98102.3,2,0,Education,Mortgaged,Divorced,3,65733.46,32063.62,Excellent,1,27,0
100131,48,Other,170113.13,14176.09,Employed,Unemployed,333462.41,120,5.47,540,119862.79,6,7,Auto,Rented,Divorced,3,34457.03,30074.02,Poor,1,30,0
100132,25,Female,218116.0,18176.33,Employed,Business Owner,66972.84,36,12.45,609,51783.91,8,3,Education,Owned,Married,2,25677.39,27705.17,Good,0,16,0
100133,48,Female,205347.87,17112.32,Employed,Clerk,212330.48,48,19.13,392,77182.76,8,1,Auto,Owned,Divorced,2,48530.75,27470.94,Good,3,11,0
100134,59,Female,118364.97,9863.75,Employed,Driver,156086.15,48,13.8,667,17449.19,8,1,Auto,Rented,Widowed,3,60331.03,20875.28,Poor,3,14,0
100135,35,Other,124023.89,10335.32,Employed,Teacher,339033.6,84,7.39,831,139603.31,8,6,Auto,Mortgaged,Widowed,4,41844.11,14036.85,Good,3,30,0
100136,50,Female,79489.22,6624.1,Employed,Engineer,69712.76,180,17.11,323,16430.68,4,2,Personal,Rented,Widowed,4,11966.65,28821.8,Fair,1,12,0
100137,22,Male,173657.58,14471.46,Unemployed,Business Owner,117900.28,120,16.1,347,31256.57,0,2,Home,Rented,Widowed,2,73731.72,4654.71,Fair,1,22,0
100138,38,Female,171775.12,14314.59,Self-Employed,Doctor,356265.35,24,10.2,824,44771.77,9,3,Education,Mortgaged,Widowed,2,9027.96,5642.82,Fair,1,5,0
100139,42,Female,188075.83,15672.99,Self-Employed,Engineer,79799.74,48,4.36,657,123868.54,4,0,Auto,Owned,Divorced,0,77565.73,5050.61,Fair,0,34,0
100140,69,Other,198578.44,16548.2,Employed,Business Owner,212165.59,120,3.65,806,105098.39,6,4,Business,Rented,Widowed,4,35398.17,29308.72,Good,0,22,0
100141,31,Other,104041.6,8670.13,Employed,Unemployed,357014.6,36,18.77,688,1052.17,0,0,Medical,Rented,Married,1,75729.86,23661.64,Good,1,33,0
100142,34,Other,172209.49,14350.79,Employed,Engineer,383203.26,12,9.45,695,27534.23,8,6,Personal,Mortgaged,Divorced,2,73171.98,18006.42,Fair,2,10,0
100143,41,Female,180311.74,15025.98,Employed,Engineer,49250.83,48,6.05,386,112522.68,8,3,Auto,Rented,Widowed,5,32501.38,19049.25,Good,3,21,0
100144,69,Female,78234.22,6519.52,Employed,Business Owner,426293.81,120,13.09,582,60575.17,9,1,Business,Owned,Single,4,64002.02,33102.37,Good,3,9,0
100145,62,Female,205494.66,17124.56,Employed,Engineer,362538.21,120,20.54,501,3932.03,1,3,Home,Mortgaged,Widowed,2,7181.8,4867.19,Good,2,16,0
100146,22,Male,34340.01,2861.67,Employed,Engineer,170968.71,24,3.66,759,144587.53,8,1,Education,Owned,Widowed,2,6618.74,15329.77,Excellent,3,11,0
100147,32,Other,218825.18,18235.43,Self-Employed,Teacher,382373.82,120,4.54,323,22684.94,6,2,Auto,Mortgaged,Widowed,1,28476.53,30406.65,Good,3,4,1
100148,61,Other,172868.6,14405.72,Employed,Engineer,364692.83,24,11.22,310,76570.0,1,1,Business,Mortgaged,Widowed,3,48782.81,26313.57,Poor,2,15,0
100149,23,Other,34120.54,2843.38,Employed,Driver,301243.83,180,16.01,606,37247.41,5,5,Education,Mortgaged,Single,0,745.69,17405.87,Excellent,3,18,0
100150,62,Male,149527.08,12460.59,Employed,Engineer,280123.62,84,12.31,834,110620.4,4,7,Personal,Owned,Married,5,41214.01,8973.65,Excellent,3,5,0
100151,34,Male,22006.78,1833.9,Employed,Clerk,367882.34,24,20.1,848,116508.91,6,3,Business,Rented,Single,5,78051.75,37857.65,Excellent,0,13,0
100152,65,Other,172888.32,14407.36,Employed,Doctor,499631.43,48,4.32,627,59583.06,0,0,Medical,Mortgaged,Divorced,1,68675.63,16316.77,Good,1,3,0
100153,35,Female,178840.7,14903.39,Employed,Doctor,290119.02,240,9.79,536,98767.44,5,0,Home,Mortgaged,Married,1,18597.65,35113.4,Excellent,3,22,0
100154,42,Other,138494.1,11541.18,Employed,Doctor,404741.5,60,10.0,450,136361.04,6,6,Medical,Rented,Married,3,42245.5,31113.22,Fair,0,10,1
100155,53,Female,190656.38,15888.03,Employed,Business Owner,372648.31,120,9.79,845,122221.37,7,2,Personal,Mortgaged,Divorced,3,13712.7,34461.2,Excellent,2,3,0
100156,27,Female,35066.07,2922.17,Unemployed,Unemployed,428192.58,180,12.52,400,62234.66,7,2,Personal,Rented,Widowed,3,21060.81,676.88,Excellent,1,17,0
100157,48,Female,71564.39,5963.7,Employed,Engineer,477353.38,12,18.13,369,66221.41,6,0,Personal,Owned,Single,0,73840.07,19095.66,Excellent,2,29,1
100158,45,Other,99906.39,8325.53,Employed,Engineer,98155.44,360,9.38,580,133031.74,7,5,Home,Rented,Widowed,4,79822.25,10377.35,Excellent,3,34,1
100159,59,Female,23703.88,1975.32,Employed,Driver,84398.9,48,17.27,516,5155.92,0,0,Auto,Rented,Married,0,19404.88,10960.85,Fair,1,33,0
100160,69,Other,106884.3,8907.02,Employed,Engineer,294003.21,180,6.21,573,3421.74,7,7,Home,Rented,Widowed,2,16965.43,10793.61,Poor,0,6,0
100161,53,Male,69368.76,5780.73,Employed,Teacher,225748.94,60,13.87,796,30869.3,3,1,Personal,Rented,Divorced,4,30708.75,15572.55,Fair,1,7,0
100162,41,Female,95510.68,7959.22,Unemployed,Teacher,286219.9,84,10.44,448,124143.25,5,0,Education,Rented,Married,5,35668.51,16428.18,Poor,2,31,1
100163,40,Other,102146.04,8512.17,Employed,Engineer,399425.28,48,13.48,783,22981.98,5,5,Education,Mortgaged,Single,3,7139.89,25361.61,Excellent,1,22,0
100164,41,Other,195279.41,16273.28,Employed,Engineer,465993.81,240,5.49,416,42791.89,9,2,Business,Rented,Single,0,11816.69,12014.58,Poor,2,19,0
100165,60,Other,70419.9,5868.32,Employed,Doctor,209873.08,24,21.14,478,94360.3,3,5,Education,Rented,Divorced,4,33986.18,10911.09,Good,1,28,0
100166,36,Male,198217.34,16518.11,Employed,Doctor,359530.46,240,20.26,302,27636.42,3,0,Business,Mortgaged,Married,0,18833.65,14424.33,Fair,2,2,0
100167,29,Other,102324.05,8527.0,Employed,Engineer,100006.0,36,18.79,673,45467.45,7,6,Medical,Rented,Single,1,67594.78,27460.58,Good,0,19,0
100168,37,Other,82200.58,6850.05,Employed,Unemployed,268206.87,240,20.02,773,70036.91,6,2,Auto,Owned,Single,0,60123.72,6.85,Good,1,20,0
100169,22,Other,118014.97,9834.58,Employed,Engineer,12858.78,12,6.21,788,34216.39,3,6,Medical,Rented,Widowed,5,42907.07,29877.12,Excellent,1,32,0
100170,26,Male,100637.37,8386.45,Retired,Doctor,252867.78,12,12.82,392,148862.05,3,7,Business,Rented,Married,2,34610.35,13558.75,Excellent,2,16,1
100171,25,Other,67761.32,5646.78,Self-Employed,Driver,273577.56,12,9.38,722,24516.9,8,4,Education,Owned,Married,3,66479.02,23049.59,Good,2,17,0
100172,58,Other,118049.26,9837.44,Retired,Clerk,368251.78,84,19.92,377,127490.57,8,2,Medical,Owned,Married,4,13279.63,30460.89,Good,2,28,0
100173,56,Other,46119.36,3843.28,Employed,Clerk,325443.43,36,7.0,646,70514.97,1,2,Education,Owned,Divorced,5,70991.03,20433.41,Poor,3,9,1
100174,55,Male,87145.64,7262.14,Self-Employed,Engineer,180481.57,84,7.57,687,19368.55,3,5,Home,Owned,Married,5,3926.19,25886.05,Excellent,3,2,0
100175,43,Other,130986.99,10915.58,Employed,Teacher,4853.99,240,16.2,384,17772.92,7,0,Auto,Rented,Divorced,0,73871.56,36797.63,Good,0,16,0
100176,56,Male,99748.69,8312.39,Employed,Driver,59511.97,12,5.14,360,75044.41,1,1,Medical,Mortgaged,Married,2,11104.8,1194.65,Good,2,21,0
100177,28,Female,183902.03,15325.17,Retired,Business Owner,486584.21,84,17.05,340,53028.03,1,5,Business,Mortgaged,Married,2,64967.92,13981.15,Excellent,0,17,0
100178,65,Female,67627.96,5635.66,Self-Employed,Engineer,461321.91,180,8.46,690,35190.34,1,0,Business,Rented,Widowed,4,1443.61,37074.17,Good,1,24,0
100179,45,Female,213803.17,17816.93,Unemployed,Driver,163896.4,60,15.73,638,143840.87,5,2,Personal,Mortgaged,Married,2,65206.25,33497.19,Good,2,8,0
100180,66,Other,175868.01,14655.67,Self-Employed,Doctor,130908.76,360,19.65,365,69506.96,4,5,Auto,Rented,Widowed,1,46725.66,24673.12,Good,1,0,1
100181,28,Male,213356.57,17779.71,Employed,Engineer,219335.31,120,14.78,575,139321.65,3,2,Home,Rented,Widowed,4,1522.74,9172.12,Excellent,2,27,0
100182,45,Female,186817.99,15568.17,Self-Employed,Engineer,345590.13,12,7.43,738,24599.96,1,7,Education,Owned,Divorced,2,61936.78,13221.32,Excellent,3,29,0
100183,55,Female,44131.3,3677.61,Employed,Engineer,179700.18,84,4.41,431,27519.91,6,7,Medical,Mortgaged,Divorced,4,8124.58,34318.26,Excellent,2,21,0
100184,45,Female,122924.32,10243.69,Unemployed,Engineer,35512.34,48,4.33,633,89404.15,8,0,Home,Mortgaged,Widowed,2,43192.43,27930.86,Fair,2,10,0
100185,42,Male,49845.6,4153.8,Self-Employed,Doctor,202591.96,24,5.14,461,40481.35,2,1,Personal,Mortgaged,Single,2,26560.32,11426.01,Fair,3,12,0
100186,29,Male,182736.61,15228.05,Employed,Engineer,131773.32,360,14.23,443,27740.68,6,7,Medical,Rented,Married,0,60733.46,5289.82,Excellent,2,16,0
100187,39,Male,134753.24,11229.44,Employed,Doctor,163815.15,36,9.94,516,14202.81,7,0,Home,Mortgaged,Divorced,0,68257.73,31230.81,Good,0,14,0
100188,32,Female,69007.11,5750.59,Employed,Teacher,83152.71,12,8.0,494,11440.6,5,3,Home,Owned,Single,0,37142.14,23048.99,Poor,2,7,0
100189,35,Female,205567.79,17130.65,Employed,Unemployed,330102.35,36,7.56,573,112975.26,5,7,Medical,Mortgaged,Single,1,60635.22,38537.53,Excellent,1,13,0
100190,54,Female,38613.14,3217.76,Employed,Driver,264262.2,240,21.05,413,42324.47,1,4,Home,Mortgaged,Single,2,73329.99,16259.65,Excellent,0,10,1
100191,51,Female,130591.79,10882.65,Self-Employed,Business Owner,136889.83,84,5.7,515,146762.87,9,2,Personal,Owned,Married,0,55136.04,13961.08,Excellent,3,15,0
100192,50,Male,162813.31,13567.78,Employed,Clerk,277823.52,240,9.14,642,27468.17,9,0,Personal,Rented,Divorced,0,25759.24,11630.25,Excellent,3,13,0
100193,38,Male,27063.95,2255.33,Self-Employed,Engineer,247368.51,60,12.22,513,53167.0,7,3,Auto,Owned,Married,5,37064.97,19275.21,Fair,2,18,0
100194,68,Female,137560.49,11463.37,Employed,Engineer,398395.48,24,3.51,661,56236.29,9,4,Auto,Owned,Single,5,18399.82,12909.19,Fair,2,28,0
100195,25,Other,182259.75,15188.31,Employed,Clerk,478080.17,48,20.54,363,75022.92,6,0,Business,Mortgaged,Married,1,36672.67,2927.62,Good,2,11,1
100196,37,Male,28843.1,2403.59,Employed,Engineer,67073.91,24,5.33,375,130595.38,6,4,Business,Owned,Widowed,5,19671.24,12485.16,Good,1,2,1
100197,26,Other,120009.81,10000.82,Unemployed,Doctor,442188.91,84,16.13,776,125215.53,8,3,Medical,Rented,Single,0,64579.98,8755.44,Fair,3,28,1
100198,37,Female,68004.22,5667.02,Employed,Business Owner,352988.88,36,15.13,554,1493.45,0,2,Business,Owned,Widowed,0,48793.39,32615.4,Excellent,2,6,0
100199,68,Male,150899.51,12574.96,Employed,Engineer,346891.67,360,18.47,635,61388.26,2,7,Medical,Mortgaged,Married,2,50659.68,9423.7,Excellent,1,32,0
100200,38,Female,39328.86,3277.4,Employed,Clerk,188401.85,48,15.55,707,124190.51,2,7,Auto,Owned,Single,1,8821.06,18354.86,Excellent,2,18,0
100201,65,Male,207095.54,17257.96,Self-Employed,Clerk,173266.28,48,17.73,380,29.67,6,5,Auto,Mortgaged,Single,0,116.82,26909.53,Poor,0,18,0
100202,45,Male,198419.36,16534.95,Employed,Driver,4808.46,360,11.29,835,80045.94,2,4,Auto,Rented,Single,5,63134.93,5969.07,Fair,1,14,0
100203,55,Female,53124.76,4427.06,Employed,Teacher,491138.03,84,12.54,533,38921.34,3,3,Business,Mortgaged,Married,5,43384.51,21251.3,Good,0,24,0
100204,43,Female,81269.51,6772.46,Self-Employed,Clerk,304039.9,24,16.48,790,61915.28,4,0,Home,Mortgaged,Married,1,74524.27,33887.48,Fair,0,22,0
100205,34,Other,135465.17,11288.76,Self-Employed,Driver,202359.65,60,14.02,529,63045.7,7,2,Medical,Owned,Divorced,1,42979.14,23363.23,Excellent,3,32,0
100206,58,Male,162202.78,13516.9,Employed,Teacher,272796.87,36,12.96,523,58763.17,5,0,Personal,Owned,Single,4,17174.28,19295.46,Good,1,0,0
100207,68,Other,105744.48,8812.04,Employed,Driver,22182.46,180,7.3,630,133792.52,0,2,Medical,Mortgaged,Divorced,5,55878.13,33555.16,Fair,3,6,0
100208,33,Male,47039.72,3919.98,Employed,Driver,88478.18,84,8.28,405,80469.54,6,3,Medical,Mortgaged,Divorced,1,56078.64,37890.08,Poor,2,9,1
100209,59,Male,36351.06,3029.25,Employed,Clerk,312433.24,180,10.13,635,135562.01,4,4,Home,Owned,Single,4,5242.61,32839.42,Good,0,6,0
100210,33,Other,219951.89,18329.32,Self-Employed,Unemployed,258102.34,360,3.67,841,109011.36,1,2,Personal,Rented,Divorced,0,55492.07,16336.38,Excellent,0,33,0
100211,56,Other,108347.18,9028.93,Employed,Unemployed,393963.26,180,11.22,655,52668.01,6,2,Business,Mortgaged,Single,3,17002.26,24467.72,Poor,1,2,0
100212,59,Female,193869.01,16155.75,Employed,Teacher,330053.86,48,3.55,338,74034.55,2,5,Personal,Owned,Married,5,20361.65,21065.67,Good,0,4,0
100213,43,Male,113887.08,9490.59,Employed,Unemployed,301514.97,36,13.95,684,58478.78,4,1,Medical,Owned,Divorced,2,2513.18,12132.34,Good,2,15,0
100214,57,Male,204083.32,17006.94,Employed,Engineer,408002.32,84,16.52,318,124286.14,9,1,Business,Mortgaged,Widowed,3,50189.78,17412.81,Excellent,1,9,1
100215,34,Female,32990.67,2749.22,Employed,Engineer,35995.03,60,13.9,356,28139.67,2,5,Home,Mortgaged,Divorced,4,58538.35,33170.67,Excellent,0,11,0
100216,24,Female,38373.93,3197.83,Self-Employed,Engineer,346061.62,48,16.33,456,140461.84,8,4,Medical,Rented,Married,3,18439.33,12019.19,Good,2,21,1
100217,25,Other,205574.6,17131.22,Employed,Business Owner,358364.18,240,3.5,468,87063.67,4,6,Education,Mortgaged,Widowed,4,63403.11,35582.28,Good,3,19,0
100218,42,Male,209236.07,17436.34,Retired,Unemployed,139031.45,360,4.6,301,91763.69,9,5,Education,Mortgaged,Single,5,60962.5,39657.17,Excellent,3,30,0
100219,65,Male,79517.08,6626.42,Self-Employed,Doctor,99433.52,48,16.42,309,77520.21,8,7,Business,Rented,Single,0,32781.3,12270.69,Excellent,1,15,0
100220,27,Other,87808.8,7317.4,Employed,Doctor,108498.53,120,18.35,734,83174.47,8,5,Medical,Mortgaged,Married,5,5458.01,4909.52,Good,0,32,0
100221,43,Male,107752.3,8979.36,Employed,Engineer,100674.15,360,16.78,550,100151.31,2,6,Business,Rented,Single,5,22414.83,38286.97,Good,3,6,0
100222,55,Male,100313.14,8359.43,Employed,Clerk,262843.53,12,15.77,410,98255.29,7,1,Auto,Mortgaged,Single,5,13234.33,6842.61,Good,2,6,0
100223,30,Female,53959.27,4496.61,Employed,Business Owner,69541.9,48,16.59,536,32122.06,3,4,Personal,Rented,Married,2,76705.46,30858.55,Excellent,3,13,0
100224,56,Female,199166.95,16597.25,Employed,Clerk,330324.36,180,17.18,681,87366.02,9,7,Business,Mortgaged,Single,3,65419.54,1564.54,Poor,0,4,0
100225,35,Female,66928.06,5577.34,Unemployed,Teacher,54328.97,60,16.9,704,53193.97,9,6,Home,Rented,Divorced,2,6270.12,9422.6,Poor,1,1,0
100226,60,Other,159580.84,13298.4,Employed,Teacher,15391.04,180,17.15,458,95554.55,6,3,Business,Rented,Divorced,5,41076.8,10406.21,Good,1,12,0
100227,49,Other,28766.91,2397.24,Employed,Unemployed,161006.54,60,4.87,392,82175.19,9,7,Personal,Mortgaged,Married,2,21350.91,11889.4,Fair,2,18,1
100228,47,Male,22944.02,1912.0,Employed,Clerk,97546.14,12,4.67,828,26951.99,5,2,Medical,Owned,Married,1,2569.44,36772.15,Poor,2,9,0
100229,29,Other,149014.75,12417.9,Employed,Business Owner,494353.7,60,10.18,647,110210.09,0,0,Auto,Owned,Single,4,25784.1,7012.39,Excellent,2,9,0
100230,43,Female,84498.25,7041.52,Retired,Engineer,152892.16,60,13.26,841,68552.02,8,6,Business,Owned,Married,0,10206.82,6945.56,Poor,1,3,0
100231,62,Male,149369.18,12447.43,Employed,Driver,112587.91,240,17.61,468,82716.23,5,3,Personal,Owned,Single,2,17818.56,27667.0,Good,1,3,0
100232,21,Other,34274.35,2856.2,Self-Employed,Clerk,99991.37,24,9.69,361,100896.43,0,0,Business,Mortgaged,Married,1,26123.24,38092.68,Good,0,30,1
100233,58,Male,209719.53,17476.63,Self-Employed,Business Owner,188178.75,24,8.59,510,97930.77,0,1,Education,Owned,Divorced,2,32711.24,15571.37,Good,1,2,0
100234,45,Female,168445.47,14037.12,Employed,Doctor,303712.75,24,17.96,480,112339.32,7,0,Auto,Owned,Widowed,2,37475.4,30925.15,Excellent,0,24,0
100235,56,Other,194634.78,16219.56,Employed,Engineer,391408.75,84,8.11,696,31012.76,9,7,Home,Owned,Married,0,41615.78,1241.44,Fair,3,25,0
100236,53,Male,42976.46,3581.37,Employed,Clerk,183558.97,360,18.69,694,16558.69,6,6,Personal,Owned,Married,5,29600.06,32962.55,Fair,2,7,0
100237,42,Male,80633.0,6719.42,Unemployed,Unemployed,313733.55,120,6.78,339,100376.94,4,7,Medical,Mortgaged,Divorced,2,39867.97,28935.88,Excellent,2,8,1
100238,36,Female,90510.55,7542.55,Employed,Clerk,242065.83,240,10.15,623,35397.74,3,1,Business,Rented,Widowed,2,33428.68,35864.63,Good,3,12,0
100239,51,Other,125120.39,10426.7,Self-Employed,Engineer,423554.68,240,10.92,488,17190.73,4,6,Personal,Rented,Married,0,77155.12,25498.17,Poor,2,23,0
100240,27,Male,75858.04,6321.5,Self-Employed,Teacher,285382.81,120,9.04,638,19685.62,3,4,Personal,Rented,Widowed,5,5411.27,37653.47,Poor,1,1,0
100241,49,Female,27429.3,2285.78,Self-Employed,Engineer,146366.05,120,3.56,515,46920.02,2,2,Education,Rented,Married,5,46876.11,15594.3,Good,1,28,0
100242,25,Female,90620.07,7551.67,Employed,Clerk,352386.45,36,7.86,596,148768.06,1,5,Business,Rented,Divorced,2,15491.77,29301.26,Excellent,0,11,0
100243,52,Male,67182.61,5598.55,Employed,Business Owner,410392.12,360,9.75,694,23589.05,5,7,Auto,Owned,Single,2,30035.03,29022.57,Good,2,17,0
100244,51,Other,94113.86,7842.82,Self-Employed,Engineer,233789.45,180,9.3,461,44780.48,2,3,Auto,Owned,Married,2,43717.26,10744.31,Excellent,3,31,0
100245,25,Other,55376.71,4614.73,Employed,Doctor,493624.22,240,18.03,409,138110.12,1,0,Business,Mortgaged,Widowed,5,60784.76,36823.18,Fair,2,4,1
100246,58,Female,68688.76,5724.06,Unemployed,Teacher,439790.25,360,4.38,689,144496.21,2,6,Business,Owned,Married,1,78218.49,31167.07,Fair,1,33,1
100247,41,Male,143525.23,11960.44,Employed,Business Owner,100083.43,48,10.7,822,34326.5,7,1,Medical,Owned,Single,4,39489.73,34654.07,Poor,1,21,0
100248,59,Male,94571.54,7880.96,Employed,Unemployed,393804.42,24,4.19,544,132067.9,5,1,Auto,Rented,Widowed,5,20558.33,14503.64,Excellent,1,14,1
100249,23,Female,85803.6,7150.3,Self-Employed,Engineer,301273.72,240,20.72,849,20837.69,4,4,Auto,Mortgaged,Single,4,63326.02,33650.19,Poor,1,2,0
100250,29,Female,124450.65,10370.89,Employed,Teacher,268336.03,60,18.12,401,114230.46,5,6,Home,Rented,Single,5,17725.8,12599.06,Poor,0,2,0
100251,45,Female,173231.41,14435.95,Employed,Business Owner,257941.42,360,21.67,751,1951.22,5,6,Medical,Mortgaged,Widowed,5,40627.25,38576.04,Fair,1,28,0
100252,30,Male,92667.93,7722.33,Employed,Clerk,426998.75,120,20.34,844,60992.94,4,6,Personal,Mortgaged,Married,0,67736.9,957.89,Poor,0,14,0
100253,37,Female,135441.5,11286.79,Employed,Teacher,306214.65,36,9.34,465,37100.28,8,7,Auto,Owned,Single,1,32303.88,24767.5,Good,2,26,1
100254,53,Male,213071.54,17755.96,Self-Employed,Unemployed,269777.58,48,16.29,381,105601.2,7,1,Medical,Owned,Widowed,0,44558.22,4489.58,Good,3,29,1
100255,28,Other,122005.92,10167.16,Employed,Engineer,26332.23,120,9.17,665,2408.42,1,2,Personal,Owned,Married,3,9564.0,28749.33,Excellent,0,14,0
100256,54,Other,201508.5,16792.38,Employed,Unemployed,225254.83,48,19.93,779,69735.26,8,5,Education,Rented,Divorced,2,4477.42,14547.53,Excellent,0,11,0
100257,26,Female,177702.89,14808.57,Employed,Clerk,454204.7,36,11.1,345,104509.35,1,3,Education,Rented,Married,0,78902.6,34825.62,Excellent,3,9,0
100258,29,Male,27037.33,2253.11,Retired,Engineer,356444.89,36,10.45,653,7005.73,0,5,Business,Owned,Divorced,3,14311.66,34908.1,Fair,1,22,0
100259,49,Other,102965.27,8580.44,Employed,Engineer,27375.08,120,20.41,780,134610.03,4,3,Home,Mortgaged,Divorced,0,26843.92,14723.59,Good,1,24,0
100260,59,Male,158155.27,13179.61,Retired,Engineer,442228.16,12,18.98,317,54179.61,3,3,Auto,Mortgaged,Widowed,2,40374.79,32399.27,Excellent,3,12,1
100261,29,Other,217275.94,18106.33,Unemployed,Business Owner,413680.28,12,21.38,584,24789.87,7,0,Medical,Mortgaged,Married,2,29957.73,27245.48,Excellent,3,19,1
100262,35,Male,108967.14,9080.59,Employed,Business Owner,274248.74,12,4.73,342,33819.67,6,4,Auto,Owned,Divorced,5,7787.12,17062.68,Fair,2,18,0
100263,66,Female,34021.02,2835.08,Self-Employed,Doctor,13157.92,180,8.0,397,50835.89,0,6,Home,Owned,Widowed,4,15753.13,13729.46,Poor,0,5,0
100264,69,Male,130211.88,10850.99,Self-Employed,Business Owner,282089.95,12,9.07,567,29756.27,4,6,Medical,Owned,Widowed,3,39475.81,8412.2,Good,2,18,0
100265,49,Male,40945.58,3412.13,Employed,Driver,29185.35,60,11.35,480,76586.81,7,2,Medical,Owned,Divorced,4,35104.13,2528.34,Fair,2,26,0
100266,42,Other,169061.51,14088.46,Employed,Business Owner,161548.72,24,12.25,346,94939.76,7,5,Personal,Owned,Married,1,63855.51,20694.37,Poor,1,33,0
100267,37,Other,119073.78,9922.82,Self-Employed,Teacher,315196.99,84,8.89,741,65014.52,5,1,Home,Mortgaged,Divorced,1,24943.04,21601.62,Fair,2,11,0
100268,51,Male,163303.43,13608.62,Self-Employed,Teacher,456630.72,12,18.12,411,64054.82,6,5,Medical,Rented,Widowed,4,75225.21,17760.75,Fair,2,8,1
100269,49,Other,193219.17,16101.6,Self-Employed,Business Owner,180182.23,12,7.63,779,117254.93,5,3,Auto,Rented,Single,4,22624.83,38023.89,Good,2,31,0
100270,35,Male,143934.34,11994.53,Retired,Driver,430291.84,60,16.39,397,45152.51,2,7,Home,Mortgaged,Divorced,0,26503.89,547.6,Poor,2,32,1
100271,22,Male,140550.06,11712.5,Employed,Teacher,459343.78,120,19.26,586,93415.33,5,5,Medical,Owned,Widowed,1,75945.07,34012.2,Excellent,3,29,0
100272,28,Male,169686.91,14140.58,Self-Employed,Teacher,12479.85,24,14.67,700,133938.24,6,0,Auto,Mortgaged,Married,1,67238.67,32032.86,Fair,0,11,0
100273,67,Female,187703.28,15641.94,Unemployed,Unemployed,121235.06,60,10.05,564,33227.15,0,6,Business,Owned,Widowed,0,25357.44,30350.1,Good,0,9,0
100274,41,Male,193156.03,16096.34,Employed,Doctor,355511.43,240,6.98,529,92985.11,6,5,Home,Owned,Married,3,31622.78,20996.61,Excellent,0,21,0
100275,44,Female,22468.19,1872.35,Employed,Teacher,378907.84,120,5.99,713,142195.77,2,1,Auto,Rented,Widowed,0,67380.82,7614.22,Fair,0,8,0
100276,43,Male,129019.01,10751.58,Employed,Unemployed,197423.59,180,17.27,306,79469.29,0,2,Medical,Mortgaged,Divorced,5,6887.15,34515.17,Fair,1,26,0
100277,59,Male,59335.21,4944.6,Unemployed,Teacher,329063.8,48,12.18,755,146534.66,7,1,Business,Mortgaged,Single,3,23574.1,29783.79,Poor,0,13,1
100278,24,Female,191370.91,15947.58,Employed,Teacher,306854.99,360,4.36,680,46506.91,3,2,Medical,Mortgaged,Widowed,4,42524.49,33312.85,Poor,0,11,0
100279,25,Other,147921.53,12326.79,Self-Employed,Clerk,370407.93,24,21.7,721,84644.08,4,7,Auto,Owned,Divorced,2,66312.33,9431.5,Fair,2,28,0
100280,34,Other,101145.61,8428.8,Employed,Doctor,359891.9,120,15.92,531,46655.36,6,7,Medical,Mortgaged,Single,5,45169.33,22175.0,Good,3,12,0
100281,44,Female,53561.37,4463.45,Employed,Teacher,44763.66,60,19.12,511,557.91,5,4,Medical,Mortgaged,Divorced,1,39182.31,16638.37,Poor,3,4,0
100282,53,Male,84499.84,7041.65,Employed,Driver,80808.59,12,11.61,615,149596.22,6,2,Medical,Rented,Divorced,3,76969.41,25586.86,Excellent,0,27,0
100283,45,Other,159274.43,13272.87,Employed,Teacher,68098.12,360,21.18,653,36009.01,9,2,Home,Mortgaged,Widowed,0,9312.83,30104.31,Excellent,0,11,0
100284,42,Other,56893.71,4741.14,Unemployed,Driver,466375.07,180,7.19,809,145965.3,6,7,Home,Owned,Married,4,62405.27,6948.61,Good,2,22,0
100285,66,Other,34184.5,2848.71,Employed,Engineer,456944.24,36,6.93,772,97954.92,0,1,Business,Rented,Married,3,10162.79,6961.53,Good,3,23,0
100286,28,Other,197045.9,16420.49,Unemployed,Clerk,399111.31,12,19.97,329,135590.04,2,6,Home,Owned,Single,1,58626.2,1744.28,Fair,3,2,1
100287,49,Other,171663.12,14305.26,Employed,Doctor,60125.84,120,20.0,383,145080.41,4,7,Home,Owned,Widowed,4,43447.17,6287.4,Fair,1,1,0
100288,47,Other,55957.96,4663.16,Retired,Teacher,287987.19,84,12.73,821,85174.38,4,6,Personal,Mortgaged,Widowed,5,21171.7,9606.93,Excellent,0,28,0
100289,44,Female,74923.87,6243.66,Employed,Doctor,95240.85,12,5.83,513,149953.7,3,5,Personal,Rented,Divorced,0,43466.97,2900.74,Fair,3,1,1
100290,60,Female,214274.39,17856.2,Employed,Doctor,185455.2,360,9.15,619,115099.49,1,7,Medical,Owned,Married,5,70353.29,14227.64,Good,1,11,0
100291,34,Male,160177.82,13348.15,Employed,Doctor,135011.46,180,17.45,331,78572.18,1,1,Medical,Owned,Widowed,4,37774.69,27006.65,Poor,1,26,0
100292,67,Male,140157.01,11679.75,Employed,Business Owner,414807.63,60,19.15,357,98241.49,1,7,Home,Owned,Married,2,526.29,31722.93,Good,1,6,0
100293,37,Other,78063.84,6505.32,Employed,Driver,73936.8,36,9.93,525,29140.7,9,0,Personal,Rented,Divorced,3,4528.45,13832.65,Good,3,18,0
100294,47,Other,76320.65,6360.05,Self-Employed,Driver,323797.23,36,4.63,695,1654.89,3,0,Home,Rented,Divorced,4,50610.96,3353.0,Fair,1,4,0
100295,46,Other,23102.34,1925.2,Employed,Business Owner,491979.54,60,15.82,725,38518.4,9,1,Education,Rented,Widowed,2,54234.52,30374.89,Good,2,19,0
100296,62,Male,164338.78,13694.9,Employed,Driver,344153.18,12,17.18,792,65245.63,3,4,Auto,Owned,Widowed,3,32141.99,15647.35,Excellent,2,24,0
100297,42,Female,23850.92,1987.58,Employed,Unemployed,41458.28,48,11.34,408,34207.89,3,1,Auto,Rented,Married,0,19422.43,10057.1,Excellent,3,8,1
100298,34,Male,15995.75,1332.98,Employed,Driver,454109.05,36,14.29,411,77105.38,4,5,Personal,Owned,Single,5,57277.33,18827.64,Excellent,3,9,1
100299,22,Other,164546.49,13712.21,Self-Employed,Driver,322253.68,24,21.77,598,98691.62,9,0,Home,Rented,Single,5,24332.89,38794.57,Good,2,18,0
100300,38,Male,209519.12,17459.93,Employed,Driver,229242.87,24,8.03,601,98369.08,5,5,Personal,Rented,Divorced,1,5920.93,14905.59,Good,0,27,0
100301,61,Male,170083.12,14173.59,Self-Employed,Driver,330526.85,48,14.1,320,134064.66,0,1,Medical,Rented,Married,2,32768.84,38378.12,Good,1,19,0
100302,21,Female,111686.24,9307.19,Retired,Business Owner,439764.08,48,14.8,546,144947.86,2,4,Business,Rented,Single,1,43131.09,10126.77,Fair,2,24,1
100303,64,Other,114639.28,9553.27,Employed,Driver,239609.36,48,13.66,794,133604.25,9,0,Home,Owned,Widowed,2,77250.3,4221.79,Excellent,3,14,0
100304,47,Other,104407.97,8700.66,Employed,Teacher,266598.1,120,19.58,390,93026.24,1,7,Business,Mortgaged,Divorced,1,47377.74,6287.15,Excellent,3,4,0
100305,27,Male,81551.95,6796.0,Employed,Business Owner,227318.8,84,14.69,751,30864.62,8,3,Business,Owned,Single,5,16665.61,30951.27,Fair,1,33,0
100306,35,Male,121951.41,10162.62,Employed,Unemployed,38150.53,24,12.9,546,141517.67,9,4,Education,Mortgaged,Divorced,4,66575.49,21504.52,Fair,2,27,0
100307,48,Male,103385.95,8615.5,Employed,Teacher,393960.92,360,5.78,588,26229.06,2,3,Education,Mortgaged,Divorced,5,23318.56,23276.89,Fair,1,1,0
100308,36,Male,137624.42,11468.7,Retired,Driver,64953.05,180,16.51,653,22714.11,5,4,Education,Rented,Widowed,4,76742.25,38708.34,Fair,2,9,0
100309,26,Female,199114.62,16592.88,Employed,Business Owner,198495.87,60,5.94,688,47635.4,5,3,Medical,Mortgaged,Widowed,4,26024.98,20193.49,Poor,1,14,0
100310,53,Male,218976.93,18248.08,Employed,Teacher,194637.78,12,3.99,651,86040.83,7,0,Home,Rented,Widowed,0,72761.44,4680.84,Poor,2,2,0
100311,53,Male,31142.37,2595.2,Self-Employed,Engineer,141460.31,360,12.54,357,102220.89,7,6,Business,Owned,Widowed,4,70316.32,28740.61,Good,3,30,1
100312,26,Female,93860.11,7821.68,Employed,Clerk,202448.55,180,14.09,462,1993.9,0,5,Auto,Owned,Widowed,4,69119.42,8314.05,Good,3,6,1
100313,34,Male,52044.77,4337.06,Self-Employed,Clerk,309768.54,60,21.98,765,116703.34,3,2,Business,Rented,Divorced,0,3150.82,23261.52,Excellent,2,7,1
100314,32,Male,87184.7,7265.39,Employed,Clerk,157070.88,24,16.68,322,26252.93,9,0,Home,Owned,Divorced,0,67989.6,34175.15,Good,3,11,0
100315,53,Male,73931.97,6161.0,Employed,Engineer,87910.94,24,19.2,694,44472.73,3,7,Medical,Rented,Widowed,4,57704.01,19083.24,Good,0,32,0
100316,56,Male,50780.11,4231.68,Retired,Teacher,434945.02,36,9.91,586,48313.01,2,2,Education,Mortgaged,Widowed,2,26743.86,12571.4,Excellent,0,7,0
100317,56,Female,171635.59,14302.97,Self-Employed,Engineer,485474.66,36,12.91,366,49866.9,6,7,Medical,Rented,Single,1,39207.87,23021.86,Excellent,3,14,0
100318,66,Other,116739.19,9728.27,Unemployed,Business Owner,230374.74,36,21.52,367,114055.14,1,6,Home,Mortgaged,Single,2,51193.2,5078.05,Poor,2,23,1
100319,58,Other,203445.34,16953.78,Employed,Unemployed,164855.82,60,11.22,840,6141.65,1,7,Business,Mortgaged,Married,5,75482.96,12302.56,Excellent,1,5,0
100320,36,Male,21681.45,1806.79,Self-Employed,Teacher,25646.07,12,18.43,317,29477.67,7,5,Personal,Rented,Married,2,62406.76,20165.71,Fair,2,3,1
100321,26,Male,28730.49,2394.21,Employed,Doctor,20352.07,48,13.23,312,3347.88,1,1,Personal,Rented,Divorced,2,34280.06,10166.05,Poor,0,3,0
100322,51,Female,97671.08,8139.26,Employed,Engineer,197655.23,240,7.64,309,116744.92,8,0,Home,Owned,Married,2,51633.66,1570.32,Fair,0,6,1
100323,65,Female,31456.85,2621.4,Employed,Clerk,465260.53,240,14.24,646,147558.35,2,1,Business,Rented,Widowed,0,14869.67,23405.64,Excellent,0,11,0
100324,68,Other,68859.57,5738.3,Employed,Unemployed,365892.85,12,7.53,810,98932.07,1,3,Home,Mortgaged,Widowed,0,33915.39,16049.89,Fair,2,32,0
100325,32,Other,217136.1,18094.68,Employed,Business Owner,175936.17,120,3.56,394,88520.88,7,4,Education,Rented,Married,2,63304.11,15624.41,Fair,0,32,0
100326,32,Female,57836.72,4819.73,Employed,Teacher,484087.12,360,7.86,738,136209.93,1,7,Home,Mortgaged,Widowed,0,48527.18,39872.51,Excellent,0,19,0
100327,22,Male,55614.14,4634.51,Self-Employed,Clerk,215521.44,84,7.07,696,38243.1,3,1,Home,Rented,Single,4,62659.93,4471.36,Good,2,32,0
100328,27,Male,132596.34,11049.7,Self-Employed,Teacher,139842.79,48,10.36,426,9969.35,3,5,Personal,Mortgaged,Widowed,2,40785.34,6167.03,Excellent,2,1,0
100329,48,Male,117089.65,9757.47,Unemployed,Unemployed,214323.92,60,19.94,338,76495.49,5,0,Personal,Owned,Divorced,3,30411.47,35050.47,Fair,1,19,0
100330,47,Male,133989.85,11165.82,Employed,Driver,107348.53,36,10.68,568,39052.31,4,3,Medical,Rented,Divorced,2,59403.23,5210.47,Poor,2,15,0
100331,39,Other,92230.73,7685.89,Retired,Doctor,443048.11,48,19.14,344,67662.24,1,0,Personal,Owned,Married,4,7500.39,36704.91,Good,0,4,0
100332,36,Male,184486.28,15373.86,Employed,Doctor,181864.31,360,13.78,362,68444.98,2,2,Business,Mortgaged,Single,2,78288.55,26878.43,Poor,1,19,0
100333,61,Other,43409.01,3617.42,Employed,Doctor,329668.54,120,3.64,556,47824.77,1,4,Home,Rented,Widowed,0,75869.9,21126.52,Good,1,15,1
100334,43,Female,102820.49,8568.37,Self-Employed,Driver,195745.51,60,6.99,749,72948.69,0,5,Personal,Rented,Single,2,70429.49,11136.03,Poor,1,26,0
100335,60,Female,156401.18,13033.43,Employed,Clerk,451062.25,24,20.73,847,57022.78,6,6,Auto,Rented,Married,1,70742.25,14378.94,Fair,3,14,0
100336,68,Female,192988.47,16082.37,Employed,Unemployed,321905.61,360,14.68,645,16958.9,4,4,Home,Mortgaged,Single,3,40884.49,33038.18,Excellent,0,15,0
100337,36,Other,90762.18,7563.52,Employed,Business Owner,245149.44,24,20.7,452,130008.86,1,2,Personal,Rented,Widowed,3,39835.66,2300.18,Poor,2,8,1
100338,30,Male,131387.85,10948.99,Employed,Engineer,67807.2,180,9.24,480,105191.06,3,7,Business,Owned,Divorced,2,65606.57,30741.94,Poor,1,16,0
100339,67,Male,29173.69,2431.14,Self-Employed,Doctor,451154.5,48,16.76,637,6196.33,6,7,Home,Rented,Divorced,2,22660.52,33112.83,Good,1,2,0
100340,52,Female,49915.41,4159.62,Employed,Doctor,274314.8,36,17.78,395,17367.96,2,7,Business,Owned,Married,3,67993.1,28238.68,Fair,0,19,0
100341,35,Female,29173.32,2431.11,Employed,Unemployed,143956.38,24,21.55,585,14477.17,4,6,Personal,Rented,Widowed,4,16070.42,2180.19,Excellent,2,13,0
100342,51,Female,164215.58,13684.63,Employed,Business Owner,439207.59,48,3.84,723,9261.53,7,6,Education,Mortgaged,Single,5,70328.58,29706.2,Excellent,0,9,0
100343,46,Other,74052.29,6171.02,Employed,Business Owner,29111.33,120,21.12,764,8858.52,6,0,Personal,Rented,Divorced,5,43286.82,28926.56,Excellent,0,13,0
100344,65,Female,163367.78,13613.98,Self-Employed,Clerk,158410.3,60,10.74,332,23566.85,7,4,Business,Mortgaged,Widowed,0,67456.88,523.76,Good,1,31,0
100345,33,Male,28611.65,2384.3,Retired,Business Owner,269340.54,12,19.0,459,127180.41,3,3,Education,Rented,Married,3,39451.42,35691.33,Excellent,3,24,1
100346,69,Male,191822.3,15985.19,Self-Employed,Driver,171227.54,36,13.58,440,124234.99,4,2,Auto,Rented,Divorced,0,48674.57,5287.83,Excellent,0,29,0
100347,66,Other,186283.69,15523.64,Unemployed,Business Owner,239413.66,24,13.95,605,117471.97,8,0,Auto,Rented,Married,2,74142.89,38431.29,Poor,0,13,0
100348,29,Male,33230.39,2769.2,Employed,Driver,133629.49,60,10.15,402,92205.98,8,1,Personal,Owned,Widowed,4,33456.98,2830.82,Good,1,13,1
100349,29,Female,19870.08,1655.84,Self-Employed,Business Owner,66781.38,360,18.83,823,108524.03,0,7,Education,Mortgaged,Widowed,3,17622.91,9521.98,Fair,0,0,0
100350,47,Female,26539.21,2211.6,Employed,Teacher,20353.36,360,8.38,805,110772.18,8,7,Personal,Mortgaged,Married,4,7278.43,27609.69,Excellent,2,23,0
100351,23,Other,189994.19,15832.85,Employed,Unemployed,80507.99,360,12.61,483,133396.93,8,5,Education,Owned,Single,5,47198.33,5489.65,Excellent,1,0,0
100352,35,Other,63114.22,5259.52,Self-Employed,Clerk,476567.36,24,13.86,524,109851.45,9,0,Business,Owned,Single,5,48886.81,7398.7,Fair,2,34,1
100353,42,Female,127396.03,10616.34,Employed,Doctor,288550.76,60,17.24,542,110468.9,2,5,Business,Owned,Divorced,4,49656.41,446.87,Good,0,24,0
100354,68,Male,102380.06,8531.67,Unemployed,Doctor,245502.14,12,12.23,323,120612.18,5,1,Education,Rented,Widowed,4,2973.29,33059.2,Good,0,16,1
100355,69,Female,178082.73,14840.23,Self-Employed,Business Owner,193393.27,60,16.09,789,83453.23,0,5,Personal,Mortgaged,Single,4,2193.24,1504.69,Poor,0,23,0
100356,28,Female,115224.15,9602.01,Retired,Unemployed,354793.23,84,12.48,729,31954.32,1,0,Medical,Rented,Widowed,1,71633.36,25302.92,Good,2,34,0
100357,64,Male,117635.47,9802.96,Employed,Business Owner,72347.22,180,15.7,483,12681.37,5,2,Medical,Rented,Widowed,1,55640.16,23292.29,Good,2,5,0
100358,25,Female,217763.85,18146.99,Employed,Unemployed,139512.67,48,15.97,601,62856.53,2,0,Medical,Owned,Married,2,9065.38,20449.61,Good,0,26,0
100359,57,Male,45776.56,3814.71,Self-Employed,Clerk,328639.26,12,16.62,509,13752.85,2,7,Home,Rented,Single,4,5970.94,15006.31,Excellent,1,30,0
100360,62,Female,185294.31,15441.19,Employed,Engineer,240574.05,60,18.73,425,25395.6,2,4,Personal,Owned,Divorced,2,12948.56,11982.5,Fair,2,20,1
100361,64,Other,25608.7,2134.06,Employed,Engineer,385506.08,60,13.5,467,3576.0,4,7,Personal,Mortgaged,Divorced,0,64553.52,38277.9,Good,0,23,0
100362,31,Other,112918.0,9409.83,Self-Employed,Unemployed,448760.7,120,7.08,359,45030.94,1,0,Education,Rented,Widowed,4,57846.88,31414.33,Excellent,0,17,0
100363,64,Male,196698.64,16391.55,Retired,Clerk,412039.55,12,16.07,746,145499.67,8,5,Auto,Owned,Divorced,4,51092.26,36909.3,Good,2,5,0
100364,26,Other,151368.86,12614.07,Self-Employed,Business Owner,93735.44,120,4.93,660,56839.69,6,3,Home,Rented,Single,3,51263.26,29355.92,Good,2,34,0
100365,46,Male,155469.0,12955.75,Employed,Driver,47552.18,60,7.55,812,36133.89,7,3,Medical,Mortgaged,Single,5,68709.91,33160.36,Good,2,10,0
100366,44,Female,68980.04,5748.34,Employed,Doctor,86381.42,180,18.15,303,60517.42,9,6,Medical,Owned,Married,4,26676.7,38567.02,Poor,1,13,1
100367,36,Male,100807.83,8400.65,Employed,Doctor,392198.28,360,11.55,647,45200.78,6,0,Home,Rented,Married,5,25778.4,18145.78,Fair,3,34,0
100368,22,Male,90149.12,7512.43,Employed,Doctor,457087.88,36,12.71,608,101081.52,3,7,Business,Owned,Married,1,34034.15,36275.85,Good,0,1,1
100369,58,Male,121895.86,10157.99,Employed,Teacher,462873.54,180,21.77,643,95170.01,9,0,Business,Mortgaged,Widowed,0,79174.08,1722.97,Poor,0,14,0
100370,37,Male,109756.73,9146.39,Employed,Engineer,150511.46,24,7.85,845,4101.44,5,2,Auto,Mortgaged,Married,2,44391.92,4314.89,Fair,2,19,0
100371,53,Other,82014.16,6834.51,Employed,Driver,420490.01,360,3.86,514,76698.47,4,1,Business,Owned,Divorced,4,43752.09,19614.97,Excellent,3,8,0
100372,41,Male,77623.53,6468.63,Employed,Engineer,269045.3,60,5.56,377,5429.95,4,4,Personal,Mortgaged,Married,5,64767.5,18158.93,Excellent,0,23,0
100373,39,Female,66424.84,5535.4,Employed,Driver,411750.34,180,8.02,306,101604.49,0,4,Auto,Mortgaged,Widowed,0,14245.16,17528.52,Excellent,2,18,1
100374,64,Other,89834.69,7486.22,Employed,Engineer,275085.69,180,16.93,571,140371.25,9,5,Personal,Owned,Widowed,5,32432.08,21487.67,Excellent,3,9,0
100375,25,Other,45738.0,3811.5,Employed,Teacher,74654.82,120,17.85,395,136123.18,8,6,Medical,Mortgaged,Widowed,2,51308.99,21534.91,Good,2,7,0
100376,57,Other,193781.38,16148.45,Self-Employed,Doctor,41451.34,48,13.96,377,30856.82,6,6,Education,Owned,Widowed,4,79041.34,34822.59,Good,3,10,0
100377,57,Male,138434.48,11536.21,Employed,Doctor,478695.14,180,8.22,381,111396.77,2,7,Home,Mortgaged,Divorced,4,12357.57,13836.51,Poor,1,27,0
100378,39,Other,42426.22,3535.52,Unemployed,Driver,214049.67,60,13.15,452,118959.9,9,3,Auto,Owned,Divorced,0,36162.14,12649.64,Good,3,18,1
100379,33,Female,157241.16,13103.43,Employed,Doctor,176559.28,120,3.78,363,129655.13,1,1,Home,Rented,Divorced,2,72446.54,28075.81,Excellent,1,27,0
100380,21,Male,188771.63,15730.97,Employed,Engineer,179438.94,120,16.11,567,38939.8,2,1,Education,Rented,Single,0,58042.49,25939.08,Poor,1,25,0
100381,66,Female,63694.81,5307.9,Employed,Driver,190709.34,60,14.86,660,67625.23,0,2,Business,Rented,Widowed,2,49102.42,33193.88,Good,0,28,0
100382,67,Other,45873.12,3822.76,Employed,Teacher,472608.42,24,3.9,459,33225.66,2,4,Auto,Rented,Widowed,4,20568.67,12371.13,Excellent,3,29,0
100383,32,Female,16766.54,1397.21,Employed,Engineer,33226.88,36,18.61,375,3646.42,3,0,Business,Owned,Divorced,4,14976.86,255.77,Excellent,2,21,0
100384,22,Male,24686.32,2057.19,Self-Employed,Unemployed,61292.52,360,17.62,615,98851.89,7,7,Medical,Mortgaged,Widowed,4,29936.98,37762.55,Fair,3,12,0
100385,27,Other,171261.53,14271.79,Unemployed,Teacher,395246.45,84,9.2,347,64719.54,3,7,Auto,Owned,Married,3,20408.63,1769.02,Good,2,24,0
100386,24,Other,217373.2,18114.43,Employed,Clerk,275605.93,120,15.25,706,37217.53,9,1,Medical,Owned,Single,0,64678.07,27200.52,Good,1,33,0
100387,61,Other,24200.47,2016.71,Employed,Clerk,66011.31,36,14.63,510,127065.59,3,6,Auto,Mortgaged,Widowed,3,57656.27,12873.28,Fair,0,11,1
100388,64,Other,168354.55,14029.55,Self-Employed,Driver,19161.15,180,6.15,525,74352.1,5,4,Business,Mortgaged,Divorced,2,66815.85,16941.32,Fair,2,17,0
100389,28,Other,29731.74,2477.64,Employed,Engineer,113668.71,60,7.08,437,149198.65,5,3,Home,Owned,Widowed,3,13686.58,33521.31,Poor,1,30,1
100390,57,Female,136387.23,11365.6,Employed,Engineer,131883.75,36,16.14,455,119003.67,8,5,Auto,Owned,Single,1,24797.55,16783.18,Fair,2,20,0
100391,29,Male,169995.43,14166.29,Self-Employed,Business Owner,9078.09,24,20.77,380,130381.68,7,4,Medical,Mortgaged,Married,4,61484.12,5774.86,Fair,3,5,0
100392,38,Female,88636.9,7386.41,Employed,Clerk,109613.09,48,14.16,607,115999.84,8,2,Business,Owned,Divorced,3,13083.87,30177.4,Excellent,2,12,0
100393,50,Male,17241.62,1436.8,Self-Employed,Driver,369682.83,84,14.0,380,15888.73,9,4,Business,Owned,Single,2,11648.4,808.46,Good,1,8,0
100394,56,Female,137013.82,11417.82,Employed,Doctor,428005.98,36,15.46,674,9754.35,1,1,Business,Mortgaged,Widowed,0,30644.71,10989.32,Good,3,16,0
100395,63,Female,218205.15,18183.76,Employed,Teacher,449321.44,36,11.65,441,137261.82,0,2,Auto,Owned,Divorced,0,14914.95,21522.94,Good,2,34,1
100396,23,Other,67811.57,5650.96,Employed,Unemployed,196177.19,36,4.5,611,20729.58,4,7,Medical,Rented,Single,2,6312.21,17510.55,Good,1,29,0
100397,30,Male,53845.71,4487.14,Self-Employed,Clerk,161068.04,36,10.84,595,58683.92,1,1,Education,Rented,Divorced,3,25021.96,24809.13,Good,3,33,1
100398,34,Male,40404.81,3367.07,Employed,Unemployed,499930.7,180,20.15,649,91486.65,4,4,Home,Rented,Widowed,5,70047.96,15253.91,Good,1,25,0
100399,36,Other,128827.4,10735.62,Self-Employed,Unemployed,385131.54,60,18.39,717,31784.75,5,2,Medical,Owned,Married,4,4522.63,15623.39,Good,0,17,0
100400,69,Male,137271.25,11439.27,Self-Employed,Engineer,269601.34,60,20.66,608,33792.76,2,3,Home,Mortgaged,Divorced,2,45288.41,13946.29,Good,0,23,0
100401,59,Female,177415.52,14784.63,Self-Employed,Clerk,128876.17,24,6.33,769,69936.2,0,1,Medical,Rented,Divorced,1,45040.31,35490.82,Poor,2,17,0
100402,36,Other,169380.02,14115.0,Employed,Business Owner,162010.12,84,12.86,442,54134.26,9,4,Auto,Mortgaged,Single,1,42467.24,691.86,Good,2,1,0
100403,68,Female,197971.01,16497.58,Employed,Clerk,258651.45,360,14.32,714,101486.35,3,4,Home,Owned,Divorced,0,40440.7,37585.68,Fair,3,4,0
100404,45,Female,180183.4,15015.28,Employed,Business Owner,271957.29,180,7.38,488,11261.43,8,4,Auto,Rented,Divorced,0,1378.92,14328.87,Good,0,19,0
100405,45,Other,65689.75,5474.15,Employed,Clerk,8811.96,60,7.22,646,73313.8,6,2,Business,Owned,Married,5,3796.1,14595.31,Good,1,23,0
100406,42,Female,128954.87,10746.24,Unemployed,Clerk,479781.24,48,17.97,571,26138.99,6,4,Business,Rented,Married,0,40896.56,29035.71,Fair,0,8,0
100407,28,Other,75969.45,6330.79,Employed,Teacher,288651.91,48,15.93,800,91008.75,7,5,Home,Owned,Divorced,5,77464.74,15531.07,Poor,1,1,0
100408,66,Female,82606.0,6883.83,Unemployed,Business Owner,295400.81,12,15.47,449,17431.99,2,5,Auto,Rented,Widowed,3,32638.06,24665.79,Fair,3,2,0
100409,21,Male,206048.6,17170.72,Employed,Teacher,107312.62,12,8.44,586,29644.78,2,4,Auto,Owned,Married,3,37786.14,36145.23,Poor,3,11,0
100410,29,Female,154788.66,12899.06,Employed,Driver,382963.62,180,12.88,390,120583.35,9,2,Business,Rented,Single,5,78565.05,33847.92,Good,1,30,0
100411,32,Male,214791.03,17899.25,Employed,Doctor,369157.73,240,3.93,648,35275.05,6,4,Medical,Mortgaged,Widowed,4,62329.07,20614.67,Poor,0,14,0
100412,34,Other,100467.07,8372.26,Self-Employed,Business Owner,49388.67,360,5.9,320,110559.8,2,4,Auto,Owned,Single,0,61608.79,28666.09,Poor,3,34,1
100413,27,Female,125174.7,10431.22,Employed,Business Owner,298307.2,120,13.09,526,40959.4,6,7,Medical,Rented,Single,5,40378.84,15697.39,Fair,0,31,0
100414,21,Female,114858.66,9571.56,Employed,Engineer,329780.49,360,9.23,305,35254.13,3,3,Education,Rented,Married,1,71833.01,31041.77,Fair,0,30,1
100415,54,Female,36993.85,3082.82,Self-Employed,Business Owner,418112.95,60,21.36,480,44873.22,8,2,Home,Rented,Widowed,3,46494.1,6807.34,Fair,1,33,0
100416,68,Female,63523.91,5293.66,Employed,Unemployed,104633.41,36,12.22,566,132139.8,5,5,Auto,Mortgaged,Widowed,3,52535.79,1825.27,Good,3,8,1
100417,26,Male,123165.45,10263.79,Employed,Engineer,439062.13,36,5.05,482,59574.85,3,5,Medical,Owned,Married,1,63004.44,21629.31,Good,3,34,0
100418,35,Male,28811.73,2400.98,Employed,Teacher,231817.57,36,3.83,512,36564.08,6,3,Personal,Owned,Divorced,3,32526.79,8613.55,Good,1,32,0
100419,45,Female,205949.7,17162.48,Employed,Driver,50068.76,180,16.92,381,80495.92,7,0,Personal,Owned,Widowed,3,76261.62,29149.04,Fair,1,27,0
100420,66,Male,40387.95,3365.66,Employed,Clerk,54599.37,12,6.67,693,57846.21,3,5,Education,Owned,Divorced,5,79040.58,4052.94,Good,0,6,0
100421,55,Other,55586.05,4632.17,Employed,Engineer,100506.62,360,6.97,738,118529.63,7,5,Personal,Owned,Widowed,5,46971.03,339.81,Fair,1,10,0
100422,58,Male,171890.85,14324.24,Employed,Clerk,142809.85,180,11.34,550,148566.84,2,7,Personal,Mortgaged,Single,2,17764.43,27028.13,Good,2,22,0
100423,49,Other,34871.58,2905.96,Employed,Driver,249210.09,48,8.39,330,78986.17,2,4,Personal,Rented,Single,4,61992.16,20031.98,Good,1,1,1
100424,41,Female,199557.01,16629.75,Employed,Business Owner,374878.1,180,14.91,334,67762.33,8,4,Business,Mortgaged,Single,4,25771.09,38080.62,Excellent,3,28,0
100425,30,Female,163768.7,13647.39,Employed,Business Owner,94989.5,24,12.49,671,51455.31,6,1,Business,Owned,Widowed,0,46168.28,9899.42,Excellent,1,14,0
100426,63,Male,29067.28,2422.27,Employed,Doctor,496340.59,60,5.56,811,146000.81,0,3,Medical,Mortgaged,Married,4,6936.28,4930.24,Good,3,0,0
100427,60,Female,156828.65,13069.05,Employed,Doctor,82437.92,24,18.02,776,72492.49,6,0,Medical,Owned,Married,5,64591.26,924.25,Good,2,10,0
100428,22,Other,144483.85,12040.32,Employed,Unemployed,300490.23,24,11.38,523,26699.53,3,4,Business,Mortgaged,Divorced,0,76726.96,17769.89,Excellent,2,13,0
100429,56,Male,170256.63,14188.05,Employed,Teacher,464612.34,12,14.8,574,145382.39,2,5,Auto,Rented,Divorced,4,7537.72,4032.68,Good,3,22,0
100430,25,Male,184780.56,15398.38,Employed,Teacher,416588.7,180,3.57,389,144132.32,4,6,Education,Owned,Single,0,58527.92,31025.74,Good,3,21,0
100431,57,Female,162261.87,13521.82,Unemployed,Teacher,324648.82,180,15.09,338,65358.76,4,5,Business,Rented,Widowed,2,68867.11,2879.43,Excellent,1,12,0
100432,61,Male,135166.14,11263.84,Self-Employed,Doctor,358315.51,240,8.73,721,52227.9,8,6,Personal,Owned,Married,4,8760.5,36830.19,Excellent,1,21,0
100433,27,Male,81104.98,6758.75,Employed,Clerk,68834.4,360,12.65,536,102065.62,4,5,Auto,Rented,Widowed,5,19743.72,21634.16,Fair,2,31,0
100434,42,Female,157941.1,13161.76,Employed,Business Owner,6812.2,360,9.01,573,124338.62,2,6,Home,Owned,Widowed,4,31349.7,27854.88,Fair,0,12,0
100435,27,Female,211179.17,17598.26,Employed,Doctor,218206.09,360,21.93,489,74779.82,7,3,Personal,Owned,Divorced,4,66940.83,5236.68,Poor,2,13,0
100436,48,Female,135441.97,11286.83,Self-Employed,Business Owner,46580.43,12,7.77,472,49621.95,5,4,Medical,Mortgaged,Divorced,1,39474.5,3580.21,Excellent,1,3,0
100437,66,Other,151190.7,12599.22,Employed,Teacher,180160.78,180,20.39,843,45209.1,0,5,Home,Mortgaged,Widowed,4,10957.06,14147.35,Good,3,13,0
100438,24,Other,104611.25,8717.6,Employed,Clerk,113423.91,180,20.48,749,48989.81,6,4,Auto,Mortgaged,Married,3,20509.68,20817.38,Excellent,0,9,0
100439,40,Male,170004.77,14167.06,Employed,Clerk,458340.67,24,11.29,680,17704.94,5,4,Education,Owned,Married,5,37390.23,23020.08,Good,2,26,0
100440,68,Female,219521.82,18293.48,Employed,Business Owner,440267.89,24,9.12,514,116793.07,5,6,Personal,Rented,Divorced,3,3141.14,13191.54,Excellent,2,3,0
100441,35,Male,47879.81,3989.98,Employed,Clerk,409833.54,360,10.55,697,15743.98,1,1,Personal,Rented,Single,0,50479.77,10906.49,Excellent,0,20,0
100442,27,Male,56493.08,4707.76,Unemployed,Unemployed,357544.26,240,21.8,486,59747.17,4,2,Education,Rented,Widowed,3,2025.75,39256.42,Good,2,27,0
100443,44,Male,125584.74,10465.4,Unemployed,Teacher,78727.82,48,14.95,584,125241.5,6,4,Auto,Rented,Single,4,62469.71,10906.48,Good,2,8,0
100444,45,Female,113681.96,9473.5,Employed,Teacher,26086.98,12,13.58,379,60615.88,6,5,Education,Rented,Widowed,4,58708.08,5517.0,Good,1,2,0
100445,53,Other,132171.81,11014.32,Employed,Clerk,327636.15,48,4.16,690,44214.27,6,4,Auto,Owned,Married,2,69235.2,14378.39,Good,2,23,0
100446,36,Other,25060.18,2088.35,Employed,Engineer,321844.55,12,19.19,333,142238.06,9,1,Education,Mortgaged,Single,1,12617.02,12154.85,Fair,1,20,1
100447,67,Female,97876.67,8156.39,Employed,Teacher,185973.29,120,5.05,698,18981.56,5,6,Auto,Rented,Divorced,5,48206.82,16869.41,Good,2,19,0
100448,46,Other,134510.54,11209.21,Employed,Clerk,237397.96,48,4.37,632,132728.09,4,4,Home,Owned,Married,4,62482.21,24948.55,Excellent,0,30,0
100449,35,Male,134964.23,11247.02,Employed,Clerk,245596.4,12,8.58,336,9311.52,5,3,Personal,Mortgaged,Married,5,41259.9,24125.92,Good,1,3,0
100450,68,Other,149753.46,12479.46,Self-Employed,Doctor,121484.21,360,12.3,578,62029.41,3,7,Personal,Owned,Married,4,10464.35,27931.6,Excellent,0,6,0
100451,66,Other,162644.29,13553.69,Retired,Engineer,158454.97,240,20.06,422,94758.16,3,3,Auto,Rented,Divorced,4,7914.05,6267.4,Excellent,0,16,0
100452,45,Male,146517.18,12209.76,Self-Employed,Driver,210358.0,360,18.12,562,55505.76,6,1,Education,Rented,Single,2,48471.79,1837.77,Good,0,19,0
100453,22,Female,176999.85,14749.99,Self-Employed,Clerk,302383.16,360,7.16,307,80190.96,3,7,Education,Owned,Single,4,39808.61,31632.39,Excellent,0,32,0
100454,50,Other,143075.93,11922.99,Employed,Teacher,477997.96,12,10.38,697,30600.25,7,3,Home,Rented,Married,2,74364.81,8686.11,Excellent,2,21,0
100455,48,Female,125189.07,10432.42,Employed,Business Owner,270165.34,180,17.93,580,85355.18,7,7,Business,Mortgaged,Married,4,66707.26,12626.6,Fair,0,7,0
100456,28,Other,139270.27,11605.86,Employed,Teacher,366119.63,180,13.25,499,20183.81,9,4,Education,Rented,Divorced,0,57899.94,18227.19,Fair,1,29,0
100457,52,Other,35744.64,2978.72,Employed,Clerk,403886.55,180,6.73,782,119414.45,1,1,Medical,Owned,Divorced,1,78591.74,28652.25,Excellent,0,14,0
100458,62,Female,70997.09,5916.42,Employed,Clerk,58527.04,36,10.83,655,87568.49,3,3,Education,Owned,Divorced,1,55568.85,6543.38,Good,1,30,0
100459,26,Male,123116.96,10259.75,Self-Employed,Clerk,327256.08,48,15.08,635,72289.82,7,7,Personal,Rented,Single,2,7389.02,36096.09,Poor,0,9,0
100460,56,Female,193962.38,16163.53,Employed,Clerk,242091.14,360,21.5,381,8200.02,4,7,Education,Rented,Widowed,4,6205.04,12861.09,Excellent,1,27,0
100461,27,Male,154205.57,12850.46,Employed,Unemployed,287070.61,12,15.74,575,74966.15,6,1,Auto,Owned,Divorced,0,65269.54,39306.51,Fair,0,18,0
100462,57,Female,33533.66,2794.47,Employed,Unemployed,21131.63,120,3.8,686,84535.41,7,7,Education,Owned,Single,4,28856.29,11416.5,Excellent,2,19,0
100463,41,Female,136416.36,11368.03,Retired,Clerk,453295.44,180,16.54,810,39850.13,8,6,Medical,Mortgaged,Widowed,4,73942.7,29026.12,Poor,1,34,0
100464,21,Female,60456.29,5038.02,Employed,Unemployed,476486.51,180,8.14,632,101638.55,2,5,Auto,Owned,Widowed,4,9459.79,15066.76,Excellent,2,5,1
100465,68,Male,165473.39,13789.45,Employed,Driver,3734.0,84,19.45,394,11514.77,2,1,Medical,Rented,Divorced,3,15902.96,33463.51,Excellent,3,10,0
100466,29,Male,184625.37,15385.45,Employed,Driver,107970.21,180,10.6,673,31303.36,4,4,Business,Rented,Widowed,0,61853.4,18496.26,Poor,1,6,0
100467,50,Other,136658.54,11388.21,Self-Employed,Teacher,91736.7,360,7.19,341,110632.28,5,3,Personal,Rented,Widowed,3,67797.96,34821.28,Fair,2,29,1
100468,29,Male,136229.33,11352.44,Retired,Clerk,391089.65,180,12.16,472,22083.33,9,0,Personal,Mortgaged,Widowed,1,69375.71,30157.55,Excellent,3,29,0
100469,66,Male,84411.25,7034.27,Employed,Business Owner,299843.87,24,8.22,805,36832.32,0,7,Business,Mortgaged,Widowed,1,7931.14,23441.14,Fair,1,29,0
100470,57,Other,106481.25,8873.44,Unemployed,Engineer,90312.16,36,7.86,741,97628.3,2,4,Business,Mortgaged,Single,5,30544.18,9999.6,Poor,0,8,0
100471,60,Male,192142.21,16011.85,Employed,Engineer,407357.54,48,14.11,797,109326.26,9,0,Home,Rented,Single,3,51710.91,10394.71,Good,2,9,0
100472,42,Female,163280.67,13606.72,Employed,Doctor,178030.49,48,17.7,494,7723.39,6,2,Personal,Mortgaged,Divorced,5,73503.65,39656.88,Excellent,2,14,0
100473,43,Male,121549.5,10129.12,Employed,Business Owner,231506.72,48,18.95,676,18988.41,6,6,Personal,Mortgaged,Divorced,2,19121.2,37015.52,Excellent,1,27,0
100474,52,Male,90487.64,7540.64,Employed,Driver,194878.69,36,10.86,685,66917.7,2,3,Home,Mortgaged,Divorced,2,48027.43,5536.74,Poor,1,26,0
100475,59,Female,25327.85,2110.65,Self-Employed,Doctor,261647.34,120,4.74,435,88919.24,6,3,Business,Mortgaged,Single,5,11481.54,8162.58,Excellent,0,34,0
100476,62,Female,44316.52,3693.04,Employed,Engineer,241110.95,24,12.45,819,68067.19,3,1,Business,Rented,Widowed,3,59782.3,4272.58,Good,2,27,0
100477,21,Male,54570.16,4547.51,Employed,Driver,138742.83,180,11.52,834,97060.5,7,0,Auto,Mortgaged,Married,5,10201.96,8053.51,Excellent,2,33,0
100478,53,Male,91543.63,7628.64,Self-Employed,Clerk,213428.91,120,7.14,360,113398.94,0,7,Home,Rented,Divorced,0,79998.6,11609.5,Excellent,2,9,1
100479,26,Male,208549.45,17379.12,Retired,Clerk,454351.9,360,20.08,721,142431.58,2,7,Home,Owned,Divorced,3,7381.35,33505.08,Good,1,21,0
100480,35,Female,118556.45,9879.7,Employed,Unemployed,252441.28,12,21.52,546,52482.11,6,0,Auto,Mortgaged,Widowed,4,54826.97,3807.29,Good,0,18,0
100481,61,Other,63142.23,5261.85,Employed,Doctor,458360.43,36,4.46,671,24465.72,6,4,Auto,Mortgaged,Divorced,4,62163.11,35284.82,Excellent,2,5,0
100482,33,Male,36678.78,3056.56,Self-Employed,Engineer,275963.27,240,18.22,605,39612.6,8,5,Auto,Rented,Divorced,4,20639.18,38877.21,Excellent,2,33,0
100483,60,Male,84352.63,7029.39,Employed,Teacher,384871.01,60,15.45,422,22224.67,8,7,Business,Owned,Widowed,0,20386.29,11269.6,Excellent,0,4,0
100484,43,Female,182224.78,15185.4,Unemployed,Business Owner,148208.47,84,8.34,352,59136.85,0,4,Education,Owned,Single,3,47691.76,18249.35,Excellent,0,29,1
100485,32,Female,93585.27,7798.77,Employed,Engineer,395625.92,12,15.25,582,130885.09,0,6,Home,Mortgaged,Divorced,0,50437.97,21173.13,Excellent,1,9,0
100486,37,Male,173363.69,14446.97,Self-Employed,Teacher,133632.16,180,5.88,761,52058.98,3,0,Home,Rented,Divorced,4,57642.08,8227.57,Fair,0,7,0
100487,47,Male,179554.52,14962.88,Employed,Driver,11735.89,36,4.78,753,22323.41,9,0,Business,Mortgaged,Widowed,3,46423.52,29263.06,Excellent,0,21,0
100488,58,Female,37718.26,3143.19,Employed,Engineer,82043.01,360,21.88,451,78394.93,4,3,Medical,Mortgaged,Single,1,13957.34,23199.95,Good,2,16,1
100489,50,Female,139775.25,11647.94,Employed,Teacher,12783.13,48,15.27,774,148791.57,8,2,Personal,Owned,Divorced,4,73931.48,4487.09,Good,1,13,0
100490,66,Female,211614.69,17634.56,Employed,Clerk,473637.2,24,8.18,496,28227.18,0,6,Personal,Rented,Married,4,13328.93,35839.29,Fair,1,31,0
100491,63,Male,97438.31,8119.86,Unemployed,Engineer,499988.56,84,11.83,609,116681.24,9,2,Auto,Rented,Single,0,45219.08,12087.71,Fair,2,24,1
100492,57,Other,25443.54,2120.3,Retired,Teacher,381590.67,60,21.08,478,123503.84,0,3,Personal,Owned,Divorced,0,73600.23,6249.89,Poor,0,21,1
100493,50,Female,204277.05,17023.09,Employed,Unemployed,55847.83,60,11.62,588,60200.75,8,4,Home,Rented,Single,1,73037.57,39274.18,Excellent,0,27,0
100494,35,Female,196151.59,16345.97,Employed,Doctor,449674.84,360,20.16,591,92932.72,8,7,Auto,Owned,Single,0,13432.52,4116.36,Excellent,1,28,0
100495,41,Male,122039.0,10169.92,Employed,Unemployed,372400.54,48,19.57,684,64856.02,2,0,Home,Mortgaged,Divorced,3,19088.22,2387.87,Excellent,1,6,0
100496,26,Other,128211.89,10684.32,Employed,Business Owner,167457.77,48,9.87,559,39349.04,3,4,Auto,Rented,Widowed,5,48148.05,9502.12,Excellent,2,15,0
100497,39,Other,58406.93,4867.24,Employed,Doctor,252134.4,120,16.38,591,63917.82,5,3,Education,Rented,Divorced,0,26973.15,12770.6,Poor,0,31,1
100498,66,Male,182987.4,15248.95,Unemployed,Teacher,331556.15,24,15.72,658,14293.52,7,0,Home,Owned,Single,3,58470.66,17352.11,Good,1,28,0
100499,41,Other,117213.01,9767.75,Self-Employed,Business Owner,13977.14,240,17.77,530,106043.42,1,6,Personal,Owned,Single,2,41792.35,27406.81,Fair,2,2,0
100500,26,Other,21944.95,1828.75,Employed,Teacher,251767.37,36,10.27,588,124378.95,2,7,Personal,Rented,Married,5,21287.2,14628.54,Poor,3,8,1
100501,52,Male,155018.07,12918.17,Employed,Driver,366732.93,36,4.47,347,46109.99,7,1,Business,Owned,Married,2,32883.03,22373.34,Fair,2,9,1
100502,68,Other,209851.74,17487.64,Employed,Teacher,95736.24,12,6.66,779,84971.52,8,6,Auto,Rented,Single,4,55288.89,232.46,Good,2,17,0
100503,63,Male,184975.85,15414.65,Employed,Teacher,223007.71,48,14.91,369,34822.28,1,5,Medical,Owned,Married,5,62811.31,15395.99,Poor,3,28,0
100504,34,Male,71825.62,5985.47,Employed,Clerk,267200.0,84,17.84,780,19119.07,8,5,Home,Owned,Single,0,29564.88,37798.75,Good,2,16,0
100505,43,Male,25931.64,2160.97,Employed,Clerk,368311.56,180,17.49,718,99542.78,8,3,Medical,Mortgaged,Divorced,1,8398.83,30993.87,Excellent,2,6,0
100506,47,Female,207772.04,17314.34,Employed,Business Owner,482297.95,240,14.3,822,20116.14,8,2,Personal,Rented,Divorced,1,28262.16,29632.02,Good,2,19,0
100507,33,Female,207097.86,17258.16,Employed,Business Owner,424441.22,180,5.07,313,117296.86,2,0,Auto,Owned,Married,1,50437.66,12180.64,Poor,3,7,1
100508,34,Female,124145.14,10345.43,Self-Employed,Business Owner,311516.17,48,3.82,419,40763.18,6,0,Auto,Rented,Divorced,3,60786.57,19527.05,Fair,3,23,0
100509,32,Male,146675.07,12222.92,Employed,Unemployed,292653.06,240,17.97,328,122777.01,1,1,Personal,Rented,Single,0,70372.74,33780.94,Good,0,34,0
100510,69,Male,109833.01,9152.75,Employed,Doctor,302386.97,24,13.66,530,55275.69,1,4,Personal,Owned,Widowed,2,76955.35,35206.23,Poor,1,22,0
100511,57,Other,101051.9,8420.99,Employed,Unemployed,273498.96,36,17.98,798,55326.39,0,1,Education,Owned,Single,0,42349.13,28421.72,Good,2,31,0
100512,62,Other,39486.93,3290.58,Unemployed,Unemployed,31562.71,48,6.51,722,112585.91,4,5,Home,Mortgaged,Divorced,3,70416.6,18261.66,Fair,2,19,0
100513,61,Other,34834.34,2902.86,Employed,Doctor,349751.6,84,11.04,687,76539.87,7,4,Education,Mortgaged,Married,4,20966.24,2926.6,Good,1,28,0
100514,67,Male,62710.09,5225.84,Employed,Driver,358735.73,36,20.5,767,30146.61,1,2,Education,Owned,Married,2,44772.14,4774.13,Excellent,2,32,0
100515,26,Other,186511.35,15542.61,Employed,Engineer,257215.22,360,6.67,302,127561.28,1,0,Auto,Mortgaged,Divorced,2,43150.79,11.72,Good,1,6,0
100516,64,Other,44895.62,3741.3,Employed,Unemployed,435453.03,36,4.64,734,51022.98,2,4,Medical,Rented,Divorced,2,61495.53,14367.99,Poor,2,23,0
100517,24,Female,61473.22,5122.77,Employed,Clerk,336873.53,48,15.59,471,15416.51,1,6,Education,Owned,Widowed,1,61849.83,935.36,Poor,2,8,0
100518,44,Male,127465.88,10622.16,Self-Employed,Doctor,182607.0,120,14.5,680,62400.16,8,3,Auto,Owned,Divorced,2,22827.44,17400.87,Excellent,3,2,0
100519,50,Other,59101.9,4925.16,Employed,Teacher,11807.79,60,21.11,720,86094.26,1,6,Personal,Rented,Single,5,70868.91,23901.66,Excellent,3,8,0
100520,38,Female,48457.37,4038.11,Employed,Engineer,31462.5,60,20.27,677,91482.8,2,2,Business,Mortgaged,Divorced,0,71319.44,23835.21,Excellent,2,4,0
100521,28,Male,130479.83,10873.32,Employed,Unemployed,177195.53,360,17.36,530,125341.18,3,0,Business,Rented,Divorced,4,75859.32,22211.9,Fair,3,6,1
100522,30,Male,90459.12,7538.26,Self-Employed,Clerk,232128.45,60,3.85,636,81211.02,2,5,Business,Mortgaged,Widowed,0,36611.55,9046.83,Good,3,0,0
100523,61,Female,143362.65,11946.89,Unemployed,Engineer,85101.82,24,12.39,558,33556.57,9,7,Auto,Rented,Divorced,0,78993.15,20767.56,Good,1,33,0
100524,36,Male,202002.09,16833.51,Self-Employed,Doctor,96285.5,180,20.08,646,39249.95,2,7,Auto,Rented,Widowed,1,62792.91,39193.44,Excellent,3,15,0
100525,36,Male,45953.59,3829.47,Employed,Engineer,116645.26,180,11.52,552,15126.09,4,7,Home,Mortgaged,Divorced,1,52254.99,17784.71,Excellent,2,5,0
100526,66,Female,202253.9,16854.49,Self-Employed,Clerk,390695.64,36,21.3,517,110388.64,5,0,Auto,Mortgaged,Divorced,1,34580.64,34979.67,Poor,3,12,0
100527,28,Other,200010.44,16667.54,Self-Employed,Doctor,386101.34,240,15.57,411,15891.23,2,0,Business,Mortgaged,Married,5,67394.5,15256.22,Good,0,26,1
100528,65,Male,184962.95,15413.58,Employed,Driver,192703.61,48,5.52,513,90871.89,4,4,Education,Owned,Married,5,61131.0,24921.78,Excellent,1,22,0
100529,66,Female,144413.61,12034.47,Employed,Clerk,87837.46,24,12.92,697,89542.11,1,7,Personal,Mortgaged,Single,4,46844.66,19273.56,Excellent,2,1,0
100530,50,Other,142130.06,11844.17,Self-Employed,Business Owner,57232.38,24,16.37,779,117825.53,4,7,Personal,Mortgaged,Divorced,0,79771.67,27544.9,Excellent,2,5,0
100531,29,Other,146038.6,12169.88,Employed,Driver,45390.4,180,4.71,356,11194.45,0,2,Business,Rented,Widowed,5,19956.91,35895.11,Excellent,1,19,0
100532,28,Other,156551.59,13045.97,Self-Employed,Teacher,196857.07,36,9.88,400,30436.7,4,3,Home,Rented,Single,5,51340.33,17636.03,Excellent,0,33,0
100533,34,Male,18378.85,1531.57,Employed,Engineer,24680.13,60,16.77,579,136434.36,3,5,Home,Mortgaged,Widowed,0,25690.17,30295.98,Fair,0,2,1
100534,49,Other,211408.98,17617.42,Employed,Teacher,168150.25,180,6.41,687,85835.52,3,7,Auto,Rented,Widowed,2,36627.46,35301.59,Excellent,2,30,0
100535,28,Other,135048.77,11254.06,Employed,Driver,480843.55,240,9.94,393,68653.53,1,1,Auto,Mortgaged,Married,4,27115.72,31581.78,Good,0,2,1
100536,43,Male,175200.5,14600.04,Self-Employed,Clerk,254737.3,60,16.26,479,112151.44,9,7,Home,Mortgaged,Married,0,26764.42,982.24,Good,0,17,0
100537,26,Female,92342.78,7695.23,Unemployed,Engineer,411677.04,360,17.85,325,135379.57,0,6,Personal,Owned,Divorced,0,30146.09,7.59,Good,3,8,1
100538,47,Female,17541.43,1461.79,Employed,Teacher,66374.44,48,13.09,328,39451.45,1,0,Education,Owned,Widowed,3,4534.37,35318.39,Good,3,14,1
100539,22,Female,119495.61,9957.97,Employed,Engineer,135503.23,240,21.2,378,135221.34,1,6,Personal,Rented,Single,2,3188.89,29172.54,Poor,0,32,0
100540,55,Male,118973.97,9914.5,Employed,Driver,473380.13,36,20.62,701,16304.19,9,5,Auto,Owned,Married,2,57993.78,38325.28,Excellent,0,7,0
100541,23,Other,104582.8,8715.23,Employed,Clerk,193008.84,12,12.26,779,146652.46,3,7,Home,Owned,Single,4,24872.68,11699.3,Fair,1,22,0
100542,30,Other,84642.0,7053.5,Retired,Engineer,324906.25,180,6.47,574,24727.77,4,1,Home,Owned,Divorced,3,1697.17,31518.73,Excellent,2,11,0
100543,29,Female,66214.35,5517.86,Employed,Teacher,488111.14,180,17.8,397,39935.46,7,7,Education,Rented,Single,4,6518.49,32060.88,Excellent,0,22,0
100544,61,Other,123146.7,10262.22,Employed,Doctor,276292.3,360,8.0,807,14489.09,0,0,Education,Owned,Married,0,15667.94,34293.06,Excellent,3,1,0
100545,23,Female,91932.02,7661.0,Employed,Doctor,154062.28,360,19.09,453,120551.48,0,0,Education,Owned,Divorced,0,3856.98,27681.12,Fair,1,10,1
100546,42,Other,213836.04,17819.67,Retired,Driver,266910.33,24,14.36,385,147634.81,1,3,Medical,Mortgaged,Widowed,1,75691.78,5532.32,Good,2,33,0
100547,49,Female,50450.1,4204.18,Employed,Engineer,29209.33,120,10.79,376,44546.48,6,5,Business,Mortgaged,Single,1,45468.87,27237.71,Fair,0,25,1
100548,46,Female,80531.44,6710.95,Self-Employed,Engineer,57960.2,180,13.79,494,48841.79,9,1,Personal,Rented,Divorced,1,31521.95,24179.35,Excellent,1,32,0
100549,54,Male,75261.9,6271.82,Employed,Engineer,5571.21,120,13.36,705,41846.99,6,2,Home,Owned,Single,4,42616.98,13346.88,Good,2,23,0
100550,60,Female,126378.38,10531.53,Employed,Business Owner,442336.6,12,20.61,518,23224.22,8,3,Education,Mortgaged,Divorced,0,9025.61,8344.54,Excellent,2,6,0
100551,40,Male,117352.45,9779.37,Self-Employed,Driver,336297.65,12,7.47,545,118116.63,8,1,Business,Owned,Single,0,56147.65,35404.0,Excellent,0,16,0
100552,61,Male,146966.8,12247.23,Employed,Doctor,150568.22,120,20.67,487,9107.98,2,1,Business,Owned,Widowed,1,77567.24,5677.86,Good,1,30,0
100553,36,Male,209750.36,17479.2,Self-Employed,Teacher,112138.39,240,4.08,819,145166.12,1,1,Medical,Owned,Single,1,10452.57,16887.92,Excellent,0,23,0
100554,69,Other,73470.32,6122.53,Employed,Doctor,342172.15,24,17.73,676,139097.33,1,7,Education,Owned,Divorced,1,12208.01,24911.94,Good,1,18,1
100555,45,Male,157018.17,13084.85,Self-Employed,Doctor,459926.97,12,20.51,666,17765.86,7,7,Education,Rented,Married,1,50293.07,38871.86,Good,0,30,0
100556,57,Other,20133.24,1677.77,Self-Employed,Teacher,150971.27,60,10.79,541,79428.58,6,5,Medical,Rented,Single,3,12154.39,26839.05,Fair,3,3,1
100557,63,Other,68789.64,5732.47,Self-Employed,Driver,162136.44,48,4.85,592,148927.7,8,5,Education,Owned,Divorced,0,10084.22,12195.13,Fair,1,33,1
100558,59,Male,110062.54,9171.88,Employed,Business Owner,427411.88,360,18.39,787,127892.89,5,1,Business,Mortgaged,Single,0,53638.71,2426.48,Excellent,1,4,0
100559,62,Female,21353.93,1779.49,Self-Employed,Engineer,446901.16,360,19.09,661,107270.06,9,0,Home,Owned,Divorced,5,49492.6,12708.12,Excellent,2,34,1
100560,47,Female,141622.24,11801.85,Retired,Business Owner,457190.21,84,9.72,748,3369.14,8,3,Home,Rented,Divorced,0,17418.96,11711.46,Good,0,28,0
100561,23,Female,154053.67,12837.81,Employed,Driver,147990.8,360,13.09,322,10256.62,8,7,Home,Owned,Married,0,65854.32,32763.18,Excellent,0,17,0
100562,45,Other,168080.0,14006.67,Employed,Doctor,61915.66,36,18.48,773,119102.56,8,3,Education,Mortgaged,Married,0,8420.07,15063.38,Good,3,16,0
100563,29,Female,120897.77,10074.81,Self-Employed,Teacher,221118.79,360,7.05,823,56466.73,1,6,Medical,Owned,Married,3,26605.99,3937.93,Good,2,1,0
100564,64,Female,138808.66,11567.39,Employed,Driver,149290.9,60,15.14,668,100264.78,7,2,Home,Mortgaged,Widowed,4,59109.41,34799.1,Good,0,11,0
100565,32,Female,96193.38,8016.12,Self-Employed,Business Owner,442165.6,60,11.47,826,110877.24,9,2,Medical,Rented,Widowed,4,49112.1,722.17,Good,1,8,0
100566,32,Other,23456.87,1954.74,Self-Employed,Clerk,20244.2,12,6.73,612,63327.63,2,6,Medical,Mortgaged,Single,4,48005.68,120.38,Excellent,3,24,0
100567,33,Female,35490.13,2957.51,Employed,Engineer,317672.47,24,18.88,452,21507.26,8,3,Home,Mortgaged,Married,0,54901.93,18990.13,Excellent,0,6,0
100568,52,Female,149274.16,12439.51,Employed,Unemployed,453278.32,24,9.51,634,58004.18,3,5,Home,Rented,Single,2,51717.02,2768.81,Excellent,1,28,0
100569,48,Other,219088.84,18257.4,Employed,Driver,488381.84,60,20.79,646,130657.27,2,5,Medical,Rented,Single,3,69941.66,7084.08,Excellent,0,10,0
100570,67,Other,18239.66,1519.97,Employed,Teacher,325765.04,24,14.03,379,49662.87,7,5,Business,Owned,Widowed,4,45501.39,39411.38,Fair,2,29,1
100571,41,Other,129304.62,10775.38,Unemployed,Clerk,475061.63,24,13.02,411,9397.42,1,5,Auto,Mortgaged,Widowed,2,32102.76,33774.6,Excellent,2,12,1
100572,34,Other,168956.79,14079.73,Employed,Driver,39678.41,120,11.33,460,143869.71,4,6,Medical,Mortgaged,Married,5,61287.15,30561.51,Excellent,2,26,0
100573,23,Female,184488.84,15374.07,Employed,Clerk,180920.62,240,10.91,601,102101.54,9,3,Business,Mortgaged,Divorced,5,20739.18,26831.72,Poor,1,23,1
100574,21,Other,126767.0,10563.92,Self-Employed,Teacher,6339.92,12,18.63,381,81128.51,1,2,Business,Mortgaged,Married,4,60767.36,1912.62,Good,1,34,0
100575,39,Male,142082.78,11840.23,Employed,Unemployed,490629.52,84,16.03,724,124366.1,1,4,Personal,Rented,Married,4,22398.72,33436.35,Excellent,2,18,0
100576,66,Male,157828.61,13152.38,Self-Employed,Teacher,451557.79,360,17.81,360,61674.1,9,2,Auto,Rented,Widowed,5,38430.46,18847.53,Fair,3,12,1
100577,46,Female,191088.08,15924.01,Employed,Business Owner,15970.17,60,11.29,817,147767.37,7,0,Education,Owned,Married,4,59135.47,3932.8,Fair,3,22,0
100578,64,Other,40069.36,3339.11,Employed,Business Owner,11030.06,24,8.34,672,128635.96,4,2,Home,Rented,Married,3,50212.74,12030.04,Poor,3,1,0
100579,25,Female,204867.35,17072.28,Employed,Unemployed,184750.81,12,5.11,486,42081.71,4,4,Business,Rented,Single,2,6855.12,20078.72,Poor,0,34,0
100580,25,Female,20333.57,1694.46,Self-Employed,Clerk,130751.91,360,17.87,505,55657.2,9,4,Medical,Mortgaged,Single,2,35724.77,547.78,Fair,1,23,1
100581,61,Female,186420.95,15535.08,Self-Employed,Driver,423772.27,60,11.18,682,41361.44,7,2,Business,Mortgaged,Single,4,64948.44,10096.78,Excellent,1,1,0
100582,26,Male,30731.79,2560.98,Self-Employed,Unemployed,81921.23,24,12.92,348,98901.13,9,5,Personal,Owned,Widowed,1,79741.2,13436.95,Good,3,6,1
100583,23,Female,54898.78,4574.9,Retired,Unemployed,395743.43,240,12.18,694,95899.79,0,2,Auto,Mortgaged,Widowed,3,37343.84,18551.65,Excellent,1,0,0
100584,40,Female,15798.3,1316.52,Self-Employed,Driver,278120.93,240,11.48,604,78375.88,5,5,Business,Owned,Married,3,6874.06,79.26,Good,0,23,1
100585,66,Female,106277.62,8856.47,Self-Employed,Unemployed,189941.1,180,16.15,421,144876.06,7,2,Medical,Rented,Divorced,2,29294.86,22617.7,Poor,1,23,1
100586,54,Female,83543.64,6961.97,Employed,Unemployed,74568.44,12,14.76,794,70841.29,0,7,Home,Owned,Single,2,39193.84,7905.35,Excellent,0,5,0
100587,25,Male,49028.55,4085.71,Unemployed,Unemployed,498850.27,12,21.48,646,117558.36,5,5,Auto,Mortgaged,Single,0,5874.28,23890.02,Poor,1,19,1
100588,62,Other,107473.48,8956.12,Employed,Doctor,309757.09,36,6.07,390,98714.27,0,4,Personal,Mortgaged,Divorced,4,69140.72,9566.01,Good,1,17,0
100589,62,Female,97486.03,8123.84,Unemployed,Engineer,220812.35,24,14.11,661,77727.74,9,3,Home,Rented,Single,0,43103.29,16108.74,Excellent,2,16,0
100590,60,Male,172370.51,14364.21,Employed,Engineer,186821.52,84,4.67,526,6314.27,6,6,Auto,Rented,Widowed,0,33289.25,24945.21,Poor,0,21,0
100591,65,Female,198091.71,16507.64,Employed,Driver,453052.66,48,18.45,721,98624.25,1,3,Medical,Rented,Married,1,31774.76,26262.9,Good,2,29,0
100592,32,Female,148776.29,12398.02,Self-Employed,Business Owner,410953.52,180,14.9,571,96389.26,5,6,Home,Owned,Divorced,3,2264.68,1223.83,Good,2,32,0
100593,68,Male,40504.13,3375.34,Employed,Driver,405970.52,24,11.43,850,18731.1,1,1,Education,Owned,Married,1,41510.05,21402.98,Good,2,5,0
100594,36,Male,75555.11,6296.26,Employed,Unemployed,308866.84,180,18.34,810,119387.25,8,6,Auto,Mortgaged,Single,5,38046.09,32665.67,Excellent,3,33,0
100595,60,Male,202230.25,16852.52,Retired,Doctor,444202.38,360,11.92,322,70049.11,1,7,Education,Mortgaged,Divorced,5,27670.82,8256.92,Excellent,0,20,0
100596,49,Female,33190.57,2765.88,Employed,Driver,151040.63,24,7.71,526,48621.9,6,1,Auto,Owned,Single,2,52694.18,21279.55,Fair,0,6,1
100597,59,Other,98405.45,8200.45,Employed,Teacher,352445.66,120,12.24,411,123593.91,0,1,Auto,Rented,Married,5,32882.58,17904.59,Poor,1,32,1
100598,51,Other,208213.45,17351.12,Employed,Clerk,203414.98,84,4.81,548,51505.64,1,7,Personal,Owned,Married,0,45741.12,33997.4,Fair,2,12,0
100599,52,Female,209886.29,17490.52,Employed,Unemployed,300799.41,12,20.11,379,93277.62,9,3,Home,Owned,Widowed,0,70803.39,17550.52,Fair,3,15,0
100600,51,Other,99296.65,8274.72,Employed,Driver,499080.19,36,17.02,595,92687.22,3,5,Home,Rented,Divorced,2,29110.94,37753.62,Fair,0,33,0
100601,59,Male,151816.36,12651.36,Unemployed,Teacher,492293.34,180,17.57,385,7920.9,1,1,Auto,Rented,Divorced,5,31833.91,26097.14,Excellent,1,20,0
100602,57,Other,108632.85,9052.74,Retired,Unemployed,257284.27,240,19.68,643,63425.04,6,3,Personal,Mortgaged,Divorced,3,69272.32,22455.33,Fair,2,5,0
100603,27,Female,169459.41,14121.62,Self-Employed,Clerk,287784.0,48,18.14,550,33416.81,2,5,Education,Owned,Widowed,4,28647.51,11676.78,Fair,2,2,0
100604,61,Other,21474.17,1789.51,Self-Employed,Driver,448866.24,24,11.49,847,29935.6,5,7,Home,Owned,Married,3,35149.03,23861.02,Good,2,28,0
100605,47,Other,44552.22,3712.68,Employed,Clerk,492846.58,36,5.69,784,98244.28,8,3,Business,Owned,Widowed,2,64064.98,5249.86,Good,2,12,0
100606,36,Female,140910.75,11742.56,Unemployed,Doctor,389746.69,240,10.41,630,1711.5,6,0,Business,Mortgaged,Widowed,5,47349.35,16649.76,Fair,0,3,0
100607,46,Male,62673.21,5222.77,Employed,Teacher,34461.86,84,20.78,547,145361.85,2,3,Education,Mortgaged,Widowed,5,74710.87,11377.12,Poor,1,1,0
100608,68,Female,151540.72,12628.39,Employed,Business Owner,162674.59,60,21.06,694,59308.65,2,5,Home,Mortgaged,Divorced,2,37653.04,26811.06,Poor,2,33,1
100609,63,Other,87000.7,7250.06,Retired,Driver,448488.05,12,17.71,668,44820.53,2,7,Medical,Rented,Widowed,4,38322.11,30559.84,Good,0,20,0
100610,61,Other,196762.34,16396.86,Unemployed,Driver,384639.55,180,7.28,376,137996.16,6,6,Medical,Rented,Divorced,3,3434.27,37145.15,Fair,3,18,1
100611,43,Other,182948.17,15245.68,Employed,Engineer,371632.07,60,7.1,507,73000.82,6,6,Medical,Rented,Married,3,15784.25,8884.03,Good,2,20,1
100612,59,Male,116031.75,9669.31,Self-Employed,Engineer,334625.77,84,19.78,846,92148.79,5,1,Medical,Owned,Single,0,43199.95,35390.03,Poor,2,14,0
100613,39,Female,173443.49,14453.62,Employed,Doctor,208801.4,240,6.13,476,104377.61,3,4,Auto,Mortgaged,Single,1,14968.85,33838.06,Good,2,33,1
100614,54,Male,70583.27,5881.94,Employed,Clerk,202814.18,84,14.31,307,130711.69,0,4,Education,Owned,Divorced,5,36286.67,34497.26,Poor,3,21,1
100615,52,Other,116323.25,9693.6,Employed,Driver,404848.38,360,10.5,759,19461.3,8,3,Medical,Owned,Single,1,22665.37,29619.03,Poor,0,22,0
100616,33,Other,55483.82,4623.65,Employed,Engineer,148302.59,84,9.09,813,12247.98,6,7,Education,Rented,Single,3,1665.07,10708.86,Good,3,31,0
100617,34,Male,191481.66,15956.8,Employed,Business Owner,343046.27,48,16.03,661,149056.62,6,7,Medical,Mortgaged,Divorced,5,38008.75,35114.89,Poor,0,0,0
100618,23,Female,183728.86,15310.74,Employed,Engineer,363651.84,360,21.25,649,1332.57,1,1,Business,Rented,Married,3,51701.6,23981.94,Fair,3,11,0
100619,27,Other,199940.68,16661.72,Employed,Doctor,422588.88,120,17.89,493,106229.21,2,7,Medical,Owned,Divorced,1,27058.7,29624.47,Excellent,0,29,0
100620,42,Other,194882.78,16240.23,Employed,Unemployed,161303.02,180,12.49,498,91659.8,3,6,Home,Rented,Widowed,5,62122.16,8210.29,Excellent,1,3,0
100621,44,Female,211717.23,17643.1,Retired,Teacher,371460.85,36,11.65,803,82882.65,5,5,Personal,Owned,Single,0,11684.31,6296.42,Fair,2,11,0
100622,29,Male,61808.93,5150.74,Employed,Business Owner,55031.97,120,20.29,772,117874.19,7,3,Personal,Owned,Divorced,4,7303.34,11074.07,Excellent,2,5,0
100623,41,Other,206023.98,17168.66,Unemployed,Driver,70754.74,84,14.19,574,148870.94,8,6,Auto,Owned,Widowed,1,74787.32,20454.83,Excellent,0,24,0
100624,50,Other,132098.7,11008.22,Employed,Engineer,209833.35,24,12.69,472,7032.87,5,4,Personal,Owned,Single,3,73732.52,16665.0,Good,1,29,0
100625,32,Female,101611.49,8467.62,Employed,Unemployed,29502.44,36,16.13,403,92179.57,3,7,Auto,Mortgaged,Widowed,2,32523.54,35504.32,Excellent,3,9,0
100626,37,Other,129876.65,10823.05,Self-Employed,Unemployed,473953.76,360,7.89,306,107516.65,4,5,Medical,Owned,Divorced,3,33594.55,520.74,Good,0,24,0
100627,39,Male,85233.48,7102.79,Employed,Teacher,451144.11,84,4.68,566,45890.9,7,7,Medical,Owned,Divorced,2,68082.85,3201.94,Fair,3,26,0
100628,45,Female,74153.37,6179.45,Employed,Engineer,26368.98,180,19.32,605,133929.21,3,3,Home,Rented,Single,3,42441.69,13016.39,Excellent,2,31,0
100629,38,Male,64469.44,5372.45,Employed,Doctor,419479.24,24,14.73,671,68548.93,4,0,Business,Owned,Married,5,9369.1,6709.29,Good,3,32,1
100630,57,Other,31897.74,2658.14,Employed,Engineer,255419.34,36,6.55,743,24671.77,7,3,Education,Mortgaged,Married,4,9189.88,16270.02,Excellent,3,15,0
100631,37,Other,116795.8,9732.98,Employed,Clerk,351577.52,360,9.01,502,128161.17,5,7,Medical,Rented,Single,2,10490.46,28703.72,Poor,0,2,1
100632,42,Other,196991.14,16415.93,Employed,Engineer,443691.72,60,21.81,391,141438.84,4,5,Auto,Mortgaged,Widowed,5,62461.22,39736.71,Good,3,26,1
100633,39,Female,144181.15,12015.1,Employed,Clerk,289333.29,240,15.24,764,14927.24,7,5,Personal,Owned,Divorced,5,48151.7,8082.99,Fair,1,19,0
100634,29,Male,121800.0,10150.0,Employed,Business Owner,59930.9,240,15.27,720,112752.13,2,5,Home,Owned,Widowed,3,23981.3,10638.99,Fair,1,16,0
100635,54,Male,102861.55,8571.8,Employed,Doctor,3284.15,48,4.84,593,32252.13,0,4,Auto,Rented,Single,3,12965.87,30749.55,Poor,3,18,0
100636,32,Female,110202.33,9183.53,Employed,Unemployed,249466.92,360,21.43,321,1008.33,7,0,Medical,Rented,Divorced,0,9877.08,10881.99,Good,1,22,1
100637,35,Other,57901.86,4825.16,Self-Employed,Clerk,474717.6,180,20.02,557,39092.07,4,3,Education,Mortgaged,Divorced,3,59311.0,28150.0,Good,2,10,0
100638,59,Male,183701.85,15308.49,Employed,Doctor,287165.69,24,13.63,641,128236.48,3,0,Personal,Rented,Divorced,1,70869.01,23339.56,Excellent,2,11,0
100639,67,Other,55668.51,4639.04,Employed,Doctor,187723.69,12,9.22,773,21177.58,0,2,Medical,Owned,Married,0,42486.27,34195.76,Good,1,11,0
100640,53,Male,161907.67,13492.31,Employed,Unemployed,17399.16,24,16.41,580,19600.33,9,5,Medical,Owned,Divorced,5,61816.81,1333.47,Good,3,17,0
100641,65,Female,170796.93,14233.08,Employed,Teacher,457659.75,180,18.92,555,110857.16,7,6,Home,Rented,Single,1,22650.27,39189.88,Good,3,23,0
100642,62,Male,132848.15,11070.68,Employed,Teacher,164924.02,24,18.04,509,60953.95,2,1,Auto,Rented,Widowed,3,46853.1,38570.03,Excellent,2,1,0
100643,44,Female,191899.91,15991.66,Employed,Business Owner,352979.15,36,21.58,528,22272.91,6,5,Personal,Mortgaged,Married,5,35043.11,895.51,Good,2,10,0
100644,58,Female,74665.32,6222.11,Employed,Driver,347730.13,60,15.28,309,34500.06,4,1,Medical,Mortgaged,Married,3,7015.54,19980.38,Good,0,25,0
100645,37,Male,195731.53,16310.96,Retired,Unemployed,128433.81,24,9.44,357,119190.29,3,1,Medical,Rented,Divorced,4,38989.34,16057.04,Good,2,1,0
100646,43,Female,164529.14,13710.76,Unemployed,Teacher,33761.2,48,12.71,716,93490.32,3,7,Personal,Mortgaged,Single,4,67742.94,10166.53,Fair,3,27,0
100647,47,Other,178743.71,14895.31,Employed,Engineer,193730.19,120,18.6,499,114139.32,0,4,Home,Mortgaged,Married,2,4142.6,39113.04,Good,3,26,0
100648,68,Other,151238.84,12603.24,Employed,Doctor,159931.24,360,8.41,768,14665.99,9,1,Personal,Mortgaged,Single,5,38168.48,6984.02,Good,2,11,0
100649,62,Male,188500.32,15708.36,Employed,Doctor,350727.69,60,7.78,518,68715.64,9,1,Auto,Mortgaged,Widowed,5,69861.05,10542.18,Good,3,21,1
100650,44,Other,218585.27,18215.44,Self-Employed,Business Owner,410251.68,180,16.91,849,119565.94,8,0,Personal,Mortgaged,Married,2,63205.75,328.92,Fair,3,17,0
100651,52,Other,101133.39,8427.78,Self-Employed,Teacher,112777.82,84,11.72,399,39868.91,3,3,Business,Mortgaged,Single,4,39476.0,23208.93,Fair,2,8,1
100652,30,Other,181852.72,15154.39,Employed,Driver,265059.07,60,18.61,403,25378.35,9,0,Auto,Rented,Single,1,13707.57,34431.95,Excellent,3,5,1
100653,60,Female,167638.85,13969.9,Employed,Driver,22222.96,84,6.16,623,57267.58,2,4,Medical,Mortgaged,Widowed,0,67882.1,24876.52,Excellent,0,33,0
100654,48,Other,107838.38,8986.53,Employed,Driver,108699.4,360,9.71,742,50007.0,8,3,Medical,Owned,Single,3,12250.77,26064.29,Fair,2,30,0
100655,47,Female,205024.54,17085.38,Unemployed,Doctor,381357.28,12,8.46,379,27820.92,1,5,Business,Mortgaged,Single,3,22145.66,2652.81,Fair,2,31,1
100656,58,Male,95857.32,7988.11,Unemployed,Teacher,397112.36,84,16.41,577,143091.74,3,1,Personal,Mortgaged,Single,3,9942.02,28592.29,Excellent,1,4,1
100657,52,Male,130920.51,10910.04,Employed,Business Owner,388649.42,12,17.55,423,72464.76,5,1,Home,Owned,Single,4,36720.73,16360.18,Good,2,33,0
100658,24,Other,36718.18,3059.85,Employed,Engineer,72909.19,240,11.94,706,91211.45,9,0,Auto,Owned,Single,2,50335.83,18948.5,Good,3,21,1
100659,35,Male,61283.91,5106.99,Employed,Teacher,276415.29,120,12.34,609,18166.04,2,0,Home,Owned,Widowed,4,66169.46,23400.62,Fair,2,17,0
100660,29,Female,187342.71,15611.89,Self-Employed,Clerk,212508.79,12,5.94,660,91505.26,4,0,Auto,Owned,Single,5,36907.01,39014.57,Excellent,1,11,0
100661,57,Other,96293.31,8024.44,Unemployed,Clerk,495760.18,120,16.48,448,83298.4,8,2,Education,Owned,Divorced,0,77657.62,29927.33,Fair,1,8,1
100662,22,Male,95787.24,7982.27,Employed,Engineer,327726.79,60,21.86,459,139789.4,4,6,Education,Rented,Widowed,2,47668.56,27357.08,Fair,2,11,1
100663,30,Female,65426.11,5452.18,Employed,Unemployed,467730.64,12,17.89,652,61847.52,6,4,Auto,Rented,Divorced,1,48352.8,17275.72,Fair,2,6,0
100664,50,Male,115780.12,9648.34,Employed,Teacher,74384.45,360,7.63,494,117309.32,4,2,Business,Owned,Single,3,14023.04,1378.02,Poor,1,27,0
100665,55,Female,180192.48,15016.04,Employed,Clerk,226534.89,48,15.03,680,45627.15,0,7,Auto,Mortgaged,Divorced,2,15209.28,21547.39,Good,2,33,0
100666,45,Male,198508.64,16542.39,Self-Employed,Clerk,386260.58,12,8.96,384,86841.05,2,6,Education,Owned,Married,1,46130.09,26435.25,Fair,1,33,0
100667,63,Other,29373.46,2447.79,Employed,Clerk,185193.15,120,4.06,466,139045.56,5,6,Medical,Rented,Married,1,57670.35,28167.59,Fair,3,31,1
100668,66,Male,132838.25,11069.85,Unemployed,Driver,316989.23,48,6.83,356,93760.7,0,7,Business,Mortgaged,Married,2,16376.54,24315.24,Fair,2,4,1
100669,27,Other,110791.04,9232.59,Employed,Driver,256827.68,120,5.4,348,106673.8,2,5,Home,Owned,Widowed,0,38721.41,12014.68,Good,3,25,1
100670,67,Other,140927.78,11743.98,Employed,Unemployed,495980.85,24,7.12,444,131397.68,9,7,Auto,Mortgaged,Divorced,0,28496.0,8841.26,Excellent,1,30,0
100671,51,Other,106691.52,8890.96,Employed,Business Owner,88588.52,240,18.22,569,138813.65,0,2,Personal,Mortgaged,Single,3,35101.1,3603.76,Poor,1,17,0
100672,52,Other,96722.19,8060.18,Employed,Teacher,467803.65,60,8.92,379,31241.23,2,6,Auto,Owned,Married,5,17770.48,28113.25,Excellent,1,19,0
100673,25,Male,111735.55,9311.3,Employed,Business Owner,201982.33,60,17.51,351,29375.7,6,0,Medical,Owned,Widowed,3,11257.83,38831.44,Poor,2,13,1
100674,51,Other,134309.82,11192.48,Self-Employed,Clerk,235060.5,240,21.05,783,82571.42,5,2,Auto,Owned,Widowed,5,25640.08,21000.9,Excellent,2,28,0
100675,56,Female,117701.56,9808.46,Employed,Business Owner,265243.74,84,14.12,583,149327.46,2,7,Business,Rented,Widowed,0,69513.33,26927.31,Good,2,24,0
100676,49,Other,111789.61,9315.8,Employed,Clerk,134152.54,12,12.48,694,73522.85,0,1,Education,Rented,Single,5,64418.06,27704.1,Poor,3,22,0
100677,25,Other,182656.24,15221.35,Employed,Teacher,481901.41,84,17.38,700,49635.74,8,4,Business,Rented,Widowed,3,8132.33,6457.68,Fair,2,0,0
100678,46,Female,167857.84,13988.15,Employed,Doctor,455920.63,120,5.3,355,80589.19,5,2,Personal,Mortgaged,Divorced,4,7024.68,7672.06,Good,3,33,1
100679,66,Female,84982.59,7081.88,Unemployed,Doctor,486506.74,48,11.42,641,9659.37,5,0,Home,Mortgaged,Divorced,0,39436.1,8327.09,Good,0,18,0
100680,56,Male,179118.31,14926.53,Retired,Clerk,498465.95,24,12.73,774,26581.02,0,1,Education,Owned,Married,3,22190.58,37313.66,Excellent,1,33,0
100681,27,Male,189998.39,15833.2,Employed,Unemployed,335560.45,12,18.87,546,22338.06,2,4,Business,Mortgaged,Divorced,2,65874.06,623.2,Excellent,2,23,1
100682,68,Female,46465.9,3872.16,Self-Employed,Unemployed,226939.38,240,18.56,774,4187.33,0,5,Auto,Owned,Married,5,38894.49,21646.75,Good,1,18,0
100683,67,Other,134449.9,11204.16,Self-Employed,Unemployed,425665.48,12,19.19,821,108331.85,9,5,Education,Rented,Divorced,4,68216.62,15087.1,Good,2,26,0
100684,29,Female,73488.96,6124.08,Retired,Engineer,13854.83,84,16.41,601,48821.18,7,1,Medical,Rented,Single,5,8655.91,26374.01,Excellent,2,8,0
100685,60,Female,166530.33,13877.53,Employed,Unemployed,417533.21,240,13.32,356,25280.45,5,2,Auto,Owned,Married,5,77606.17,8819.69,Good,1,15,1
100686,40,Male,63950.99,5329.25,Employed,Business Owner,249648.44,48,18.82,640,76836.57,6,0,Auto,Rented,Married,4,61368.11,38446.83,Poor,2,0,0
100687,50,Female,152637.72,12719.81,Employed,Clerk,337263.57,36,19.66,784,48516.66,1,0,Business,Mortgaged,Widowed,1,58550.13,13248.61,Fair,3,26,1
100688,42,Female,67300.55,5608.38,Unemployed,Business Owner,188274.94,180,12.39,619,58952.67,9,3,Home,Mortgaged,Divorced,1,75217.29,37037.07,Good,2,11,0
100689,59,Other,119784.47,9982.04,Self-Employed,Teacher,185574.33,120,21.73,740,47329.77,5,4,Home,Rented,Divorced,5,37624.22,23568.01,Poor,3,3,0
100690,69,Other,209472.53,17456.04,Employed,Unemployed,17795.14,12,19.68,594,597.53,5,2,Medical,Rented,Married,3,11911.11,16578.44,Good,0,27,0
100691,59,Female,93168.05,7764.0,Employed,Doctor,213047.14,84,12.94,531,103249.33,9,0,Auto,Owned,Married,5,39752.06,29355.42,Good,3,8,0
100692,66,Other,194526.39,16210.53,Self-Employed,Unemployed,205360.39,12,4.78,821,16603.57,0,1,Home,Rented,Married,4,65217.91,22122.59,Good,3,7,0
100693,67,Female,217323.64,18110.3,Unemployed,Unemployed,113945.97,48,7.65,384,32871.36,4,3,Business,Mortgaged,Widowed,3,68763.44,5543.3,Poor,3,5,1
100694,25,Other,194344.42,16195.37,Employed,Business Owner,125166.99,48,17.86,546,28547.56,0,2,Education,Owned,Single,0,39083.66,28179.57,Excellent,2,21,0
100695,33,Female,49002.54,4083.54,Self-Employed,Driver,292901.51,240,5.56,385,49705.09,4,6,Education,Rented,Single,5,58584.18,23179.76,Excellent,1,11,1
100696,56,Male,183029.94,15252.5,Employed,Clerk,160250.18,360,12.19,660,24029.65,2,4,Education,Mortgaged,Divorced,1,19756.22,22625.8,Poor,2,19,0
100697,49,Female,21590.63,1799.22,Employed,Clerk,415465.45,120,14.69,807,52042.82,4,7,Home,Owned,Widowed,1,18443.76,29525.83,Fair,3,12,0
100698,23,Male,95626.89,7968.91,Employed,Driver,57469.78,180,19.75,849,36489.65,7,1,Medical,Owned,Divorced,0,46900.76,26139.21,Fair,3,26,0
100699,25,Male,193500.34,16125.03,Self-Employed,Doctor,289667.18,12,19.17,428,9182.27,2,2,Home,Owned,Widowed,0,33740.09,14649.7,Fair,3,13,0
100700,46,Other,156194.2,13016.18,Retired,Unemployed,81702.27,12,17.64,700,130584.45,0,0,Education,Owned,Married,2,12884.19,12739.55,Fair,3,27,0
100701,51,Other,124211.79,10350.98,Employed,Driver,265063.83,180,11.04,781,45837.17,1,0,Auto,Mortgaged,Single,5,60909.0,10032.75,Excellent,2,16,0
100702,29,Male,94512.13,7876.01,Employed,Doctor,277167.85,60,6.13,759,14292.32,7,7,Business,Mortgaged,Divorced,5,42571.8,23005.82,Fair,1,0,0
100703,29,Other,181520.87,15126.74,Employed,Unemployed,321864.25,84,15.89,577,78228.96,5,3,Business,Rented,Single,2,41631.38,11995.51,Excellent,0,15,0
100704,27,Male,160459.47,13371.62,Employed,Engineer,214857.62,120,6.85,396,18491.33,9,5,Education,Owned,Widowed,1,15144.76,4816.73,Excellent,3,8,0
100705,48,Male,111023.09,9251.92,Employed,Driver,255718.39,48,13.88,554,115963.98,8,2,Business,Mortgaged,Divorced,2,19291.25,31307.9,Poor,0,17,0
100706,21,Other,197959.29,16496.61,Employed,Business Owner,92114.4,120,21.64,727,9236.69,1,0,Auto,Mortgaged,Divorced,5,55416.63,8365.29,Excellent,0,4,0
100707,49,Male,62139.34,5178.28,Employed,Clerk,232581.64,180,13.68,641,69695.39,7,7,Home,Mortgaged,Single,0,68152.25,6595.08,Excellent,1,26,0
100708,44,Other,49930.26,4160.86,Employed,Driver,187769.13,36,15.44,513,141573.95,0,5,Medical,Rented,Married,0,14176.97,33960.04,Good,2,21,0
100709,43,Other,146774.77,12231.23,Employed,Teacher,333733.29,120,16.04,418,23845.36,0,5,Business,Owned,Widowed,0,64987.66,28085.12,Fair,2,4,0
100710,54,Male,214258.84,17854.9,Self-Employed,Unemployed,218541.22,24,18.86,659,30205.3,7,4,Business,Mortgaged,Single,5,63047.61,30646.28,Poor,1,34,0
100711,46,Male,65687.6,5473.97,Employed,Clerk,390112.14,48,11.55,536,90069.74,4,3,Medical,Owned,Single,0,65192.95,14014.42,Excellent,2,12,0
100712,56,Other,66182.43,5515.2,Employed,Business Owner,214144.07,180,12.7,560,146978.11,9,3,Medical,Mortgaged,Married,5,46539.51,24697.45,Good,3,7,0
100713,58,Female,43597.26,3633.1,Unemployed,Business Owner,119414.04,360,6.76,817,57875.36,0,6,Business,Owned,Single,1,28147.36,37287.77,Fair,3,0,0
100714,66,Female,191415.53,15951.29,Employed,Business Owner,138296.98,12,14.87,305,97296.76,5,1,Personal,Rented,Divorced,3,61681.67,11307.89,Good,3,8,1
100715,60,Female,61411.5,5117.62,Employed,Unemployed,24552.04,120,8.97,431,22847.56,3,2,Business,Owned,Single,5,38395.63,2758.48,Excellent,3,0,0
100716,46,Female,118151.6,9845.97,Employed,Engineer,270879.57,84,12.89,806,96209.57,9,2,Auto,Rented,Widowed,0,17749.13,6835.12,Good,0,16,0
100717,45,Other,218128.86,18177.4,Employed,Clerk,415778.68,120,17.68,807,37899.31,6,4,Business,Owned,Widowed,1,32190.94,35898.65,Good,0,21,0
100718,32,Female,17488.88,1457.41,Employed,Driver,385017.63,180,3.83,466,91993.14,7,7,Medical,Owned,Single,4,36617.35,11261.24,Excellent,0,12,0
100719,50,Male,129079.65,10756.64,Employed,Clerk,220019.15,12,13.93,847,13299.18,2,7,Medical,Owned,Divorced,4,40427.61,19650.12,Fair,0,30,0
100720,27,Female,120019.25,10001.6,Employed,Clerk,99667.94,180,6.71,416,78745.35,8,4,Business,Mortgaged,Divorced,5,71805.09,21382.76,Excellent,3,33,0
100721,66,Other,180526.71,15043.89,Employed,Business Owner,432015.25,36,8.67,328,35610.75,8,1,Medical,Mortgaged,Widowed,0,32893.2,38400.55,Fair,2,10,0
100722,62,Male,87832.72,7319.39,Employed,Engineer,30276.95,24,4.14,469,102256.31,7,7,Auto,Mortgaged,Divorced,4,22784.87,12059.16,Fair,3,22,0
100723,26,Female,99119.98,8260.0,Employed,Doctor,200812.92,60,6.64,592,112150.47,4,2,Home,Mortgaged,Widowed,1,76987.84,20855.65,Good,1,14,1
100724,59,Other,49427.29,4118.94,Employed,Unemployed,428594.34,12,21.75,303,127221.38,9,2,Education,Rented,Single,3,19355.86,38324.97,Fair,3,9,1
100725,26,Female,166867.12,13905.59,Employed,Clerk,197801.99,120,21.97,394,148859.31,6,7,Auto,Owned,Divorced,5,889.3,8053.79,Excellent,3,7,0
100726,56,Male,175865.33,14655.44,Self-Employed,Clerk,60701.98,84,16.82,735,68903.22,0,2,Medical,Mortgaged,Widowed,5,67985.68,23915.41,Excellent,0,18,0
100727,25,Male,43015.98,3584.67,Employed,Engineer,134442.85,84,14.82,642,100589.16,8,3,Home,Mortgaged,Single,1,76355.66,2544.27,Good,3,4,1
100728,44,Female,95658.7,7971.56,Employed,Unemployed,300814.66,12,17.87,633,2763.56,0,7,Business,Mortgaged,Single,2,54570.56,10519.01,Fair,0,23,0
100729,53,Female,198045.52,16503.79,Employed,Unemployed,77713.88,180,20.09,845,135763.05,6,2,Personal,Owned,Single,1,32611.97,2768.6,Fair,1,30,0
100730,56,Other,15554.99,1296.25,Employed,Unemployed,328157.79,12,13.11,425,92361.47,2,4,Home,Owned,Widowed,3,43500.37,13206.11,Good,0,12,0
100731,41,Female,76245.61,6353.8,Unemployed,Business Owner,220204.64,36,4.15,794,63201.75,8,0,Home,Mortgaged,Widowed,4,66560.13,8257.35,Fair,2,20,0
100732,66,Other,128783.67,10731.97,Employed,Doctor,168525.97,48,16.62,495,65146.91,7,7,Business,Mortgaged,Single,1,70827.23,31936.63,Excellent,0,34,0
100733,58,Male,83489.24,6957.44,Employed,Clerk,121980.89,180,21.72,809,113699.35,8,3,Medical,Rented,Single,0,8202.07,18535.82,Excellent,3,24,0
100734,31,Female,70769.26,5897.44,Unemployed,Teacher,412018.33,60,8.27,731,125020.5,6,5,Home,Mortgaged,Married,0,69439.74,16200.01,Excellent,1,14,0
100735,53,Male,109307.68,9108.97,Self-Employed,Teacher,199543.63,240,12.07,417,121185.55,5,4,Home,Mortgaged,Widowed,0,49387.99,27692.93,Poor,3,30,1
100736,56,Female,52212.24,4351.02,Self-Employed,Business Owner,369762.67,360,10.18,415,76587.7,8,3,Medical,Owned,Widowed,2,2582.28,37887.97,Good,1,1,1
100737,37,Male,123573.17,10297.76,Employed,Clerk,221296.89,180,10.72,598,55672.0,2,3,Business,Owned,Widowed,5,8678.86,12061.74,Good,2,20,0
100738,57,Female,159872.66,13322.72,Employed,Engineer,47749.86,12,16.85,577,141830.9,5,0,Personal,Mortgaged,Widowed,1,3642.74,2670.04,Fair,2,8,0
100739,65,Female,132935.47,11077.96,Employed,Doctor,221371.98,180,10.5,429,95129.93,2,2,Auto,Mortgaged,Divorced,2,75884.69,4391.21,Excellent,3,6,0
100740,61,Male,34087.41,2840.62,Employed,Clerk,254828.51,36,20.91,443,81548.01,1,3,Auto,Owned,Married,4,34121.43,34288.6,Excellent,1,18,1
100741,58,Male,188103.77,15675.31,Employed,Unemployed,230005.41,240,18.11,795,89747.84,8,2,Education,Rented,Divorced,3,57249.25,33834.2,Excellent,2,24,0
100742,52,Female,50870.46,4239.2,Self-Employed,Teacher,408488.37,360,4.01,715,94479.98,4,2,Auto,Owned,Married,1,137.39,19014.62,Excellent,1,25,1
100743,34,Other,171786.46,14315.54,Employed,Engineer,455603.97,12,18.64,405,106960.93,0,5,Education,Owned,Widowed,0,63453.76,5905.72,Good,0,26,0
100744,59,Male,88915.85,7409.65,Employed,Business Owner,393815.78,12,17.8,699,82977.7,8,6,Medical,Mortgaged,Married,0,38562.83,21059.58,Excellent,3,10,0
100745,38,Female,175466.08,14622.17,Employed,Unemployed,292225.39,120,13.06,384,131303.3,9,7,Personal,Rented,Widowed,1,73888.21,26736.88,Fair,2,14,1
100746,47,Male,57285.95,4773.83,Employed,Business Owner,271642.08,24,12.69,545,128957.13,6,7,Medical,Mortgaged,Single,0,41671.8,13289.46,Fair,1,3,1
100747,36,Other,53265.73,4438.81,Employed,Doctor,323018.78,360,18.96,306,66338.66,3,5,Education,Mortgaged,Divorced,2,63104.01,3300.72,Poor,3,21,1
100748,36,Female,116890.3,9740.86,Unemployed,Driver,145339.49,84,11.36,657,25280.42,8,3,Personal,Rented,Married,3,50357.34,12877.67,Excellent,3,28,0
100749,28,Other,21751.88,1812.66,Employed,Teacher,406299.73,84,6.45,400,86498.36,7,5,Education,Owned,Married,4,41643.08,27622.96,Good,3,16,1
100750,68,Male,61185.95,5098.83,Employed,Doctor,428710.39,240,9.29,430,93110.93,2,1,Business,Mortgaged,Widowed,5,75859.54,39134.71,Excellent,1,10,1
100751,28,Male,163422.51,13618.54,Employed,Teacher,135074.15,36,8.41,404,78506.94,3,6,Personal,Mortgaged,Married,1,39647.94,7603.61,Excellent,0,11,0
100752,25,Female,186663.61,15555.3,Employed,Business Owner,451603.47,84,16.1,401,133586.67,9,4,Personal,Mortgaged,Single,3,71391.07,36582.23,Good,1,22,0
100753,66,Female,31561.0,2630.08,Employed,Business Owner,424668.9,360,6.81,342,13953.04,9,1,Medical,Rented,Married,5,2886.21,18264.92,Good,1,23,1
100754,48,Other,195825.93,16318.83,Unemployed,Doctor,213394.41,12,15.43,605,43112.78,6,3,Home,Rented,Widowed,0,52593.51,26528.73,Fair,0,16,0
100755,42,Other,178491.03,14874.25,Employed,Unemployed,454682.1,24,12.12,778,129868.48,0,2,Personal,Mortgaged,Widowed,4,72932.93,34547.96,Fair,2,8,0
100756,57,Other,193285.28,16107.11,Employed,Teacher,61978.62,24,19.03,466,140912.0,2,2,Personal,Rented,Divorced,0,71942.03,22298.42,Excellent,1,14,0
100757,39,Female,158177.85,13181.49,Retired,Business Owner,15937.31,48,12.47,729,63888.76,3,0,Personal,Rented,Divorced,3,38804.29,2458.46,Poor,3,11,0
100758,27,Female,153201.38,12766.78,Employed,Driver,175237.68,24,20.7,599,28896.6,5,0,Home,Mortgaged,Married,4,37767.77,10631.15,Excellent,0,3,0
100759,56,Female,122644.11,10220.34,Retired,Clerk,283586.98,24,20.16,440,63049.42,8,2,Education,Rented,Widowed,2,64841.07,32116.23,Poor,2,14,0
100760,29,Male,148821.38,12401.78,Employed,Clerk,177018.42,240,6.93,333,68424.97,8,2,Medical,Mortgaged,Divorced,3,26801.27,22115.67,Good,2,29,0
100761,48,Female,203417.48,16951.46,Employed,Doctor,471149.73,60,16.19,731,77935.41,2,7,Medical,Owned,Single,3,74972.91,13162.97,Excellent,0,21,0
100762,67,Female,35607.01,2967.25,Unemployed,Engineer,128845.69,48,7.47,312,41152.96,1,2,Auto,Owned,Widowed,3,20054.73,23332.07,Good,1,4,0
100763,66,Male,79731.72,6644.31,Employed,Unemployed,142044.27,60,18.73,532,46894.11,2,2,Education,Owned,Widowed,4,5951.83,10742.8,Excellent,3,29,0
100764,38,Male,29853.27,2487.77,Employed,Business Owner,318144.15,360,15.26,318,98338.14,2,7,Medical,Owned,Single,5,61753.92,9640.41,Fair,1,7,0
100765,59,Female,208685.06,17390.42,Employed,Doctor,3924.21,60,8.94,727,93269.12,8,6,Medical,Owned,Married,0,32377.94,33135.72,Excellent,2,21,0
100766,51,Female,106279.42,8856.62,Self-Employed,Clerk,364323.41,60,8.11,845,99315.38,0,0,Auto,Owned,Divorced,2,28462.19,16002.7,Fair,2,19,0
100767,44,Other,153445.62,12787.14,Employed,Driver,189979.8,360,11.45,477,56592.75,8,0,Personal,Mortgaged,Divorced,5,25672.8,10959.56,Good,3,25,0
100768,27,Female,187429.61,15619.13,Employed,Doctor,488918.44,12,18.31,472,50468.53,6,0,Medical,Mortgaged,Single,2,78435.38,16367.06,Poor,2,26,1
100769,39,Other,218155.05,18179.59,Self-Employed,Teacher,346325.96,60,18.23,611,52730.8,1,3,Home,Mortgaged,Single,2,45734.13,36825.33,Excellent,3,10,0
100770,52,Female,48165.4,4013.78,Employed,Teacher,28003.05,180,4.12,576,142676.47,6,4,Home,Mortgaged,Widowed,4,79353.16,7231.55,Fair,3,27,1
100771,69,Male,178900.08,14908.34,Employed,Unemployed,48128.65,84,9.09,510,59286.77,5,2,Home,Owned,Widowed,5,27486.48,7409.17,Fair,0,20,0
100772,21,Male,196921.69,16410.14,Employed,Clerk,45907.72,240,11.32,501,90919.86,0,0,Home,Mortgaged,Divorced,1,33117.54,14150.59,Excellent,3,12,0
100773,56,Other,25019.45,2084.95,Employed,Teacher,476405.89,240,14.33,403,78426.48,2,1,Personal,Rented,Divorced,5,16941.02,2417.55,Excellent,3,3,1
100774,62,Female,169588.56,14132.38,Employed,Teacher,342657.67,48,6.27,438,131433.27,3,4,Education,Owned,Divorced,4,34429.13,2996.85,Good,0,19,1
100775,67,Male,87718.69,7309.89,Employed,Engineer,214947.79,240,9.7,622,55367.52,2,2,Personal,Owned,Married,0,4960.43,439.14,Fair,1,16,0
100776,41,Female,147962.34,12330.2,Employed,Unemployed,101840.38,36,19.88,704,65121.67,5,0,Home,Mortgaged,Divorced,5,44.63,5847.48,Fair,1,16,0
100777,26,Other,120379.88,10031.66,Employed,Unemployed,437072.59,36,12.32,713,126419.14,6,5,Business,Rented,Married,2,36245.88,25615.5,Excellent,3,24,0
100778,34,Female,68247.16,5687.26,Employed,Business Owner,102374.85,360,17.27,584,24143.64,1,4,Personal,Mortgaged,Single,1,59681.91,7857.05,Poor,1,24,0
100779,62,Male,42720.38,3560.03,Self-Employed,Teacher,353926.25,12,12.47,714,89144.18,1,3,Medical,Rented,Married,3,34965.21,15111.6,Poor,0,6,1
100780,64,Male,38974.18,3247.85,Employed,Business Owner,382135.53,48,12.1,626,59986.23,6,7,Auto,Owned,Married,3,41440.43,28223.41,Fair,0,10,1
100781,52,Other,36181.19,3015.1,Retired,Engineer,148738.73,120,15.01,496,147868.73,4,6,Business,Owned,Married,3,35649.27,1272.93,Excellent,3,31,0
100782,27,Other,145746.96,12145.58,Unemployed,Clerk,253447.54,60,8.3,494,108207.62,2,0,Education,Mortgaged,Married,0,42144.34,8362.36,Excellent,0,20,0
100783,26,Other,87039.22,7253.27,Employed,Doctor,113048.66,240,8.12,585,1583.44,2,7,Education,Owned,Single,4,62048.32,39835.53,Poor,1,14,0
100784,44,Other,59409.85,4950.82,Retired,Unemployed,190706.97,36,21.8,469,125921.09,0,0,Business,Owned,Married,2,64302.9,23878.47,Fair,2,34,0
100785,49,Male,156836.44,13069.7,Unemployed,Business Owner,482636.93,84,19.58,720,105476.95,8,3,Business,Owned,Married,0,67044.64,26399.19,Good,0,23,0
100786,22,Male,155804.16,12983.68,Employed,Teacher,347182.74,24,17.15,402,84144.14,8,7,Personal,Owned,Single,3,16994.39,20641.92,Poor,0,29,0
100787,54,Male,125529.5,10460.79,Self-Employed,Engineer,423613.87,36,6.04,330,35419.27,5,7,Home,Rented,Married,3,36627.56,38635.7,Excellent,3,16,1
100788,47,Male,206666.35,17222.2,Employed,Business Owner,271218.59,24,4.06,570,22397.5,3,0,Auto,Rented,Divorced,0,66480.46,5771.88,Fair,1,5,0
100789,21,Other,94009.92,7834.16,Self-Employed,Doctor,121041.79,180,6.75,339,94259.93,2,0,Business,Mortgaged,Married,5,75350.32,2694.91,Fair,1,25,1
100790,25,Other,186351.91,15529.33,Employed,Engineer,357014.17,36,20.85,405,65991.04,3,1,Business,Rented,Single,3,43438.67,32646.65,Fair,3,28,0
100791,43,Male,30403.58,2533.63,Employed,Driver,251282.84,120,18.6,507,129243.05,9,2,Medical,Rented,Divorced,5,39440.0,163.85,Fair,0,20,1
100792,56,Other,166665.37,13888.78,Employed,Clerk,90070.74,48,13.18,302,39356.04,0,2,Personal,Owned,Divorced,4,61167.58,22462.47,Good,1,15,0
100793,61,Female,217631.72,18135.98,Retired,Driver,207390.09,84,21.42,423,95628.0,8,3,Home,Mortgaged,Married,0,79335.55,56.5,Excellent,3,4,0
100794,42,Male,188552.63,15712.72,Employed,Clerk,318150.43,240,6.21,600,37326.46,3,2,Education,Rented,Single,1,34074.58,13929.79,Poor,3,8,1
100795,35,Other,133831.27,11152.61,Employed,Teacher,368195.26,240,13.84,506,95447.56,2,4,Medical,Mortgaged,Single,5,13207.97,26035.46,Fair,1,32,0
100796,68,Other,143487.04,11957.25,Employed,Engineer,123123.96,12,6.89,793,7251.7,8,6,Medical,Mortgaged,Single,3,66744.54,21893.05,Good,3,5,0
100797,43,Female,87424.36,7285.36,Employed,Clerk,438246.67,180,9.17,351,58756.11,9,4,Personal,Rented,Widowed,0,56834.02,22394.49,Poor,2,23,1
100798,36,Other,154294.47,12857.87,Self-Employed,Clerk,191016.45,360,20.89,696,25902.84,9,2,Education,Mortgaged,Married,0,11606.06,6293.85,Good,2,23,0
100799,42,Female,172931.05,14410.92,Self-Employed,Driver,137026.09,120,19.56,626,90890.1,2,4,Home,Mortgaged,Married,3,25880.74,11789.31,Good,3,16,0
100800,21,Other,219636.84,18303.07,Employed,Unemployed,99169.79,24,5.38,654,47509.21,5,4,Auto,Rented,Divorced,3,44257.87,28401.16,Poor,2,34,0
100801,35,Female,115954.9,9662.91,Employed,Teacher,402477.32,120,8.12,670,115729.89,2,7,Medical,Rented,Divorced,1,58517.24,931.89,Fair,1,23,0
100802,46,Other,27567.33,2297.28,Employed,Business Owner,178373.96,120,14.5,328,17189.15,1,7,Education,Mortgaged,Single,1,62451.73,23811.33,Poor,2,33,0
100803,66,Male,137150.88,11429.24,Employed,Teacher,242732.72,120,4.64,736,83431.96,3,2,Personal,Mortgaged,Widowed,3,12458.51,20682.62,Poor,0,9,0
100804,57,Male,39399.95,3283.33,Self-Employed,Engineer,112964.27,60,13.68,482,89051.68,0,7,Home,Owned,Married,2,17340.05,13758.29,Good,1,25,1
100805,59,Other,65176.83,5431.4,Self-Employed,Engineer,343673.35,84,14.31,658,3315.61,1,6,Education,Owned,Widowed,0,59529.8,13391.01,Excellent,2,26,0
100806,47,Male,82399.88,6866.66,Employed,Engineer,390954.64,120,8.88,461,5397.86,5,1,Medical,Rented,Widowed,0,9288.99,31957.89,Fair,1,32,0
100807,26,Male,164861.12,13738.43,Employed,Clerk,171033.77,60,8.92,518,46236.03,6,4,Auto,Owned,Divorced,1,39852.82,15279.87,Good,2,14,1
100808,40,Other,52680.67,4390.06,Employed,Teacher,472649.53,180,7.74,685,91361.32,2,1,Home,Rented,Single,3,43679.37,3194.39,Good,1,11,0
100809,69,Male,48979.35,4081.61,Employed,Teacher,17244.08,180,20.81,815,144394.5,5,3,Auto,Owned,Divorced,1,27148.36,38481.58,Good,0,28,0
100810,23,Female,24217.67,2018.14,Employed,Engineer,68205.67,48,10.69,783,13617.53,7,0,Home,Mortgaged,Single,0,63706.9,5214.77,Excellent,0,25,0
100811,64,Male,194014.19,16167.85,Self-Employed,Driver,295215.94,120,14.33,700,105474.42,8,2,Business,Rented,Widowed,5,4433.26,31898.15,Excellent,2,9,0
100812,54,Male,157168.61,13097.38,Employed,Doctor,351300.62,180,9.08,596,103907.42,5,4,Auto,Rented,Widowed,4,62195.56,557.73,Good,0,10,0
100813,34,Other,23189.03,1932.42,Retired,Unemployed,126840.13,60,16.5,590,100421.14,2,2,Auto,Mortgaged,Widowed,3,51682.62,14575.94,Fair,1,27,1
100814,59,Male,20799.92,1733.33,Employed,Engineer,277927.41,180,5.38,832,77422.1,7,0,Business,Rented,Widowed,1,40577.41,20607.22,Good,2,19,0
100815,62,Male,129528.23,10794.02,Employed,Teacher,160556.35,24,4.83,413,145023.89,1,3,Auto,Mortgaged,Single,4,69789.82,1191.3,Excellent,0,31,0
100816,23,Other,72919.55,6076.63,Employed,Clerk,277936.44,48,17.27,825,75266.27,1,4,Business,Rented,Single,5,16179.72,29363.47,Good,1,22,0
100817,26,Other,137328.9,11444.08,Employed,Doctor,330345.18,180,16.94,657,125744.56,3,6,Medical,Owned,Divorced,4,64061.92,10423.26,Fair,1,34,1
100818,53,Male,104093.86,8674.49,Employed,Engineer,486458.41,240,8.4,639,39378.09,3,1,Medical,Owned,Divorced,1,15021.96,21646.74,Excellent,1,11,0
100819,69,Other,204279.08,17023.26,Employed,Teacher,228937.04,120,10.07,626,120946.27,1,3,Personal,Mortgaged,Widowed,2,79235.69,31693.11,Good,3,27,0
100820,22,Female,74000.85,6166.74,Self-Employed,Business Owner,324811.59,120,21.21,747,149481.86,0,1,Medical,Rented,Divorced,5,2621.18,23644.55,Fair,3,6,0
100821,53,Other,154224.8,12852.07,Employed,Engineer,289863.55,48,5.43,676,136512.9,9,1,Personal,Rented,Widowed,0,44255.78,18224.53,Good,1,24,0
100822,27,Male,26081.13,2173.43,Self-Employed,Business Owner,160142.34,180,6.89,352,45610.76,6,0,Home,Mortgaged,Married,1,13441.35,13444.49,Good,3,14,1
100823,52,Other,210951.41,17579.28,Self-Employed,Driver,128025.94,48,11.46,730,126923.62,7,6,Medical,Mortgaged,Single,0,32638.01,1804.21,Poor,0,18,0
100824,51,Female,216055.28,18004.61,Employed,Clerk,493959.62,12,8.72,701,14288.57,0,7,Business,Mortgaged,Single,3,11835.73,36520.84,Excellent,1,28,0
100825,25,Other,166510.3,13875.86,Employed,Clerk,105012.48,36,15.51,804,101656.13,7,5,Home,Rented,Married,2,15506.04,23677.26,Excellent,3,3,0
100826,54,Female,110368.56,9197.38,Employed,Clerk,395557.08,120,16.28,815,51321.93,3,3,Business,Owned,Single,0,4878.44,25261.42,Excellent,0,7,0
100827,64,Other,60098.66,5008.22,Employed,Unemployed,75000.52,360,13.24,822,98800.51,7,7,Auto,Owned,Divorced,5,640.28,17620.5,Fair,1,19,0
100828,63,Female,181565.85,15130.49,Self-Employed,Clerk,402566.93,60,14.81,323,61837.35,4,3,Business,Mortgaged,Married,3,57544.47,14908.49,Poor,3,14,1
100829,22,Male,165952.59,13829.38,Unemployed,Clerk,94492.76,240,11.52,647,1354.97,2,4,Business,Owned,Married,1,36276.84,1866.19,Fair,3,19,0
100830,33,Other,60500.58,5041.72,Employed,Unemployed,483644.01,180,17.57,814,34691.48,2,5,Home,Owned,Divorced,5,3647.37,6759.67,Poor,3,15,0
100831,32,Other,107499.14,8958.26,Employed,Teacher,343621.85,84,4.28,832,6357.93,1,5,Education,Mortgaged,Divorced,4,75117.59,17021.94,Fair,3,2,0
100832,43,Male,109873.78,9156.15,Self-Employed,Engineer,46878.89,240,9.29,602,64090.49,8,3,Home,Owned,Single,0,53248.81,9668.19,Excellent,3,32,0
100833,28,Female,184414.16,15367.85,Self-Employed,Clerk,347202.21,60,16.16,802,126010.69,4,3,Home,Owned,Married,4,21141.85,1777.68,Excellent,1,24,0
100834,62,Female,155188.16,12932.35,Employed,Business Owner,302603.14,60,9.6,785,110699.51,7,2,Auto,Mortgaged,Widowed,0,35095.61,21840.56,Fair,1,21,0
100835,59,Female,146849.35,12237.45,Self-Employed,Teacher,170098.03,180,4.95,301,118336.83,8,5,Personal,Rented,Married,5,39141.33,18564.55,Fair,1,5,0
100836,60,Other,148214.62,12351.22,Employed,Engineer,131846.53,120,9.88,787,121079.95,1,5,Education,Mortgaged,Widowed,2,45594.23,16854.92,Good,0,6,0
100837,30,Other,70446.37,5870.53,Employed,Unemployed,359942.87,84,16.66,651,55790.97,3,3,Home,Rented,Married,1,68596.02,31369.18,Good,0,20,0
100838,21,Male,91200.81,7600.07,Employed,Doctor,371197.96,60,5.76,616,75903.86,1,5,Personal,Owned,Married,0,47192.02,23981.11,Good,3,1,0
100839,65,Other,24360.77,2030.06,Employed,Doctor,164948.51,360,16.91,398,76267.68,0,1,Business,Owned,Widowed,5,78298.09,56.61,Good,0,16,1
100840,35,Female,176322.93,14693.58,Unemployed,Engineer,438361.1,12,17.85,806,16981.28,9,3,Home,Owned,Married,3,58144.73,30476.4,Good,2,31,0
100841,53,Other,103764.63,8647.05,Employed,Business Owner,135875.96,12,15.25,462,89721.32,6,7,Business,Rented,Widowed,3,79081.38,19303.5,Fair,0,30,0
100842,65,Other,104838.86,8736.57,Employed,Doctor,36792.48,60,8.02,530,108026.97,4,5,Auto,Owned,Divorced,5,44059.93,20672.56,Fair,2,18,0
100843,22,Female,65298.03,5441.5,Employed,Clerk,300734.19,12,18.4,463,91645.17,2,5,Business,Owned,Widowed,3,54275.94,35582.91,Good,1,8,1
100844,21,Female,57932.59,4827.72,Employed,Doctor,55321.15,48,7.47,834,111894.89,5,6,Medical,Owned,Widowed,1,59031.89,4368.79,Poor,0,2,0
100845,21,Female,135503.5,11291.96,Employed,Doctor,139778.7,84,20.26,566,17833.69,5,4,Auto,Rented,Widowed,4,60379.76,23976.15,Good,1,5,0
100846,28,Other,62673.37,5222.78,Employed,Business Owner,254578.82,60,16.57,362,114211.34,2,5,Personal,Mortgaged,Divorced,3,1954.37,11286.39,Good,2,9,1
100847,23,Female,28162.81,2346.9,Self-Employed,Driver,144607.09,36,4.51,305,31221.02,0,3,Home,Mortgaged,Widowed,1,10197.95,1468.45,Fair,3,19,1
100848,61,Male,172339.02,14361.58,Employed,Teacher,109068.18,36,18.29,840,131524.02,4,6,Education,Owned,Single,5,18217.79,17495.26,Poor,1,25,0
100849,50,Female,92176.23,7681.35,Self-Employed,Engineer,352186.34,120,12.87,429,36739.7,5,5,Medical,Rented,Married,4,21719.56,11344.52,Poor,1,16,1
100850,69,Male,92948.29,7745.69,Employed,Unemployed,274405.67,360,11.87,724,73798.86,7,4,Home,Owned,Married,1,72429.46,59.72,Excellent,2,28,0
100851,60,Female,103420.25,8618.35,Self-Employed,Engineer,420201.1,180,11.28,316,73089.94,3,1,Medical,Owned,Single,3,57808.26,19717.8,Excellent,1,5,0
100852,68,Male,182084.19,15173.68,Self-Employed,Teacher,291457.32,84,14.72,794,40327.55,0,6,Home,Rented,Widowed,5,11462.53,12444.94,Fair,0,14,0
100853,32,Male,80771.56,6730.96,Employed,Engineer,242756.71,24,16.9,658,54256.44,8,2,Education,Rented,Widowed,4,34108.4,17364.93,Fair,0,21,0
100854,35,Other,170397.42,14199.79,Employed,Teacher,132105.66,36,20.08,423,27839.51,4,2,Auto,Mortgaged,Divorced,1,19449.72,469.25,Good,1,1,0
100855,62,Male,207606.69,17300.56,Retired,Business Owner,396448.81,60,8.55,789,85515.1,7,0,Home,Rented,Divorced,5,66389.09,16071.28,Excellent,1,31,0
100856,32,Female,150477.98,12539.83,Employed,Engineer,100041.76,36,15.17,464,136954.2,0,1,Education,Mortgaged,Divorced,0,73423.76,18816.18,Good,0,34,0
100857,23,Other,103494.62,8624.55,Employed,Clerk,122629.75,120,16.2,849,47491.14,0,1,Business,Mortgaged,Married,3,13143.21,18640.85,Excellent,3,25,0
100858,53,Other,168296.89,14024.74,Employed,Unemployed,421111.12,48,15.98,630,76209.39,0,0,Personal,Mortgaged,Divorced,3,33325.66,28677.05,Excellent,1,24,0
100859,60,Female,108868.96,9072.41,Employed,Engineer,371113.88,240,12.62,547,129282.09,7,0,Auto,Mortgaged,Widowed,0,76226.96,39651.46,Fair,2,7,1
100860,68,Male,99957.59,8329.8,Employed,Unemployed,307211.0,36,10.73,332,67874.86,2,2,Education,Rented,Married,4,52567.16,1114.49,Excellent,0,6,0
100861,66,Other,122683.05,10223.59,Unemployed,Business Owner,21382.42,60,17.6,443,124689.05,7,6,Auto,Mortgaged,Married,1,69447.75,15841.06,Fair,1,8,0
100862,26,Other,80133.08,6677.76,Employed,Doctor,65374.29,180,9.05,332,66958.6,9,6,Personal,Owned,Single,5,28615.5,34268.7,Good,1,4,1
100863,58,Female,36371.29,3030.94,Self-Employed,Clerk,250978.82,36,7.35,770,66036.37,6,1,Auto,Mortgaged,Widowed,5,16776.19,25027.87,Good,2,19,1
100864,62,Male,100044.66,8337.06,Self-Employed,Business Owner,373676.78,180,13.6,355,23585.99,9,3,Medical,Mortgaged,Divorced,3,55304.3,39344.06,Good,3,33,0
100865,55,Male,40390.66,3365.89,Employed,Engineer,233122.23,84,8.45,362,18746.82,9,6,Auto,Mortgaged,Divorced,3,10994.11,28536.64,Poor,1,23,0
100866,61,Male,99140.5,8261.71,Employed,Doctor,10611.93,120,4.11,368,91724.51,7,5,Business,Mortgaged,Married,0,67192.15,28969.89,Good,1,30,0
100867,62,Male,129171.41,10764.28,Employed,Unemployed,93766.46,60,4.45,836,124100.03,8,7,Auto,Mortgaged,Single,5,60386.97,3043.38,Poor,3,34,0
100868,42,Other,205795.79,17149.65,Employed,Clerk,295205.82,360,16.36,834,20310.97,6,3,Medical,Rented,Widowed,4,24392.53,11010.19,Good,1,23,0
100869,22,Male,22425.58,1868.8,Employed,Doctor,347720.1,180,21.5,693,136514.09,2,1,Auto,Rented,Widowed,2,39896.92,23352.39,Good,1,3,0
100870,43,Male,142398.97,11866.58,Employed,Doctor,18647.3,24,11.91,340,53831.97,1,1,Medical,Rented,Married,0,63935.51,20895.71,Poor,0,32,0
100871,30,Other,108835.71,9069.64,Employed,Business Owner,23579.21,84,6.22,577,63788.58,3,5,Medical,Mortgaged,Widowed,3,74792.83,30503.66,Excellent,2,19,0
100872,26,Other,19153.53,1596.13,Self-Employed,Engineer,132132.44,360,18.63,822,134168.01,4,0,Education,Owned,Divorced,5,28172.84,39746.31,Excellent,0,19,0
100873,27,Male,66157.38,5513.12,Employed,Clerk,43583.84,36,8.34,353,134444.47,3,3,Education,Owned,Divorced,5,63199.35,8272.17,Poor,0,34,0
100874,55,Female,39289.48,3274.12,Employed,Unemployed,271889.22,84,21.92,737,78728.83,1,2,Education,Rented,Single,0,15557.37,17135.96,Good,1,23,0
100875,45,Female,59442.8,4953.57,Employed,Business Owner,63603.59,180,13.92,310,41514.74,5,7,Education,Rented,Divorced,4,72283.21,34673.6,Excellent,1,3,0
100876,47,Female,71286.9,5940.58,Employed,Unemployed,324813.23,36,7.8,742,25790.92,4,7,Education,Owned,Single,0,54900.0,33525.97,Poor,0,26,0
100877,57,Other,97267.8,8105.65,Self-Employed,Driver,389058.21,84,12.68,600,40737.01,9,3,Home,Owned,Single,2,12219.15,32687.74,Excellent,2,34,0
100878,47,Other,123453.08,10287.76,Employed,Teacher,485317.3,84,9.7,789,117094.11,9,4,Auto,Rented,Married,2,59186.31,24815.74,Good,3,8,0
100879,51,Other,15202.95,1266.91,Employed,Doctor,474306.67,24,17.92,528,48688.62,6,3,Medical,Owned,Single,0,57924.61,39727.74,Fair,0,16,0
100880,25,Male,48183.22,4015.27,Employed,Driver,138135.84,24,5.46,732,104184.22,8,6,Medical,Owned,Widowed,0,59383.8,14316.14,Fair,1,3,0
100881,62,Male,34181.11,2848.43,Employed,Clerk,16645.98,84,19.35,764,29280.12,3,2,Home,Rented,Single,5,27590.19,4651.79,Good,2,25,0
100882,42,Female,127683.05,10640.25,Employed,Doctor,166047.28,24,17.7,479,71775.54,9,5,Personal,Owned,Widowed,3,59184.02,5302.4,Excellent,1,5,0
100883,28,Male,82460.35,6871.7,Employed,Unemployed,354823.1,360,19.44,653,52815.93,9,7,Auto,Owned,Single,4,66125.6,17427.68,Fair,2,14,0
100884,60,Female,127421.54,10618.46,Unemployed,Doctor,31781.0,84,20.06,553,75541.85,1,1,Business,Rented,Widowed,3,27770.31,32198.0,Fair,1,22,0
100885,56,Male,60473.78,5039.48,Self-Employed,Driver,181136.9,180,7.75,537,85491.79,7,1,Business,Owned,Married,2,16636.61,18113.85,Excellent,0,29,1
100886,23,Other,19967.02,1663.92,Employed,Driver,150421.2,48,13.14,740,148640.24,4,3,Medical,Rented,Widowed,0,71030.39,24455.33,Good,3,11,0
100887,30,Male,207980.21,17331.68,Self-Employed,Driver,111234.13,36,19.22,424,134984.26,2,6,Personal,Mortgaged,Divorced,3,49655.53,14320.86,Good,3,31,0
100888,21,Male,37203.16,3100.26,Employed,Driver,353653.12,60,10.48,365,104379.97,4,5,Personal,Mortgaged,Married,4,36830.97,28593.25,Excellent,1,0,0
100889,34,Male,41006.04,3417.17,Retired,Teacher,330230.31,180,4.62,564,23061.52,9,1,Personal,Rented,Single,1,70379.51,6125.67,Fair,0,5,0
100890,25,Male,45042.1,3753.51,Employed,Engineer,268676.06,48,8.9,752,137854.28,9,2,Business,Owned,Married,2,10880.45,20804.62,Poor,0,4,0
100891,55,Female,216161.69,18013.47,Employed,Teacher,455565.77,36,7.98,389,133887.91,3,5,Education,Owned,Divorced,2,64846.77,7405.18,Good,3,26,0
100892,46,Female,141620.35,11801.7,Employed,Teacher,53363.15,24,19.6,487,133005.51,4,7,Education,Owned,Widowed,5,39265.7,18743.69,Poor,3,12,0
100893,69,Other,140109.44,11675.79,Employed,Doctor,76545.23,84,12.08,667,71852.53,5,3,Education,Mortgaged,Married,0,3401.94,17219.76,Fair,1,0,0
100894,57,Male,217273.13,18106.09,Self-Employed,Clerk,192957.94,120,16.15,562,25606.01,7,0,Education,Rented,Single,0,77809.01,24182.49,Fair,3,27,0
100895,50,Female,33129.95,2760.83,Employed,Clerk,328629.26,84,21.3,633,113160.48,4,0,Auto,Owned,Married,1,62245.34,20381.81,Poor,0,9,1
100896,45,Female,214772.68,17897.72,Employed,Engineer,292871.49,36,9.03,590,58277.26,3,0,Auto,Mortgaged,Single,0,17180.47,39029.65,Good,1,23,0
100897,23,Female,56822.7,4735.22,Employed,Doctor,38873.26,36,17.58,746,51685.24,9,1,Business,Mortgaged,Widowed,5,73895.65,36012.46,Poor,0,19,0
100898,24,Other,142729.66,11894.14,Unemployed,Business Owner,479295.55,48,3.92,782,58617.3,3,3,Auto,Owned,Single,1,74827.64,11763.12,Excellent,2,3,0
100899,51,Male,101117.13,8426.43,Self-Employed,Driver,153922.28,48,5.43,547,83860.58,2,2,Education,Mortgaged,Widowed,2,64037.25,4847.07,Good,2,21,0
100900,21,Female,93710.12,7809.18,Employed,Engineer,180768.36,36,6.49,537,50027.82,3,2,Personal,Owned,Single,1,10173.63,2590.07,Good,3,30,0
100901,23,Other,205904.88,17158.74,Employed,Business Owner,312567.64,360,9.28,453,103488.09,3,6,Auto,Owned,Widowed,4,14910.51,7919.75,Excellent,3,12,0
100902,31,Other,45591.68,3799.31,Employed,Engineer,472692.43,48,10.96,544,97158.57,5,3,Home,Mortgaged,Married,3,60322.63,8884.3,Fair,2,29,0
100903,64,Female,219399.15,18283.26,Unemployed,Teacher,332018.74,36,12.32,760,76329.39,6,5,Home,Rented,Single,2,73104.46,35547.25,Good,2,9,0
100904,43,Female,92720.64,7726.72,Self-Employed,Unemployed,477477.12,120,8.04,576,8095.98,1,4,Personal,Mortgaged,Divorced,4,17201.45,36993.64,Good,2,9,0
100905,55,Other,147998.86,12333.24,Employed,Clerk,95420.38,240,4.72,680,140481.4,8,1,Medical,Mortgaged,Divorced,0,36866.23,9218.81,Good,1,6,0
100906,41,Female,213420.88,17785.07,Unemployed,Clerk,310167.34,60,16.03,530,61754.44,2,7,Personal,Rented,Widowed,4,12383.52,30349.24,Excellent,2,7,0
100907,29,Other,26808.22,2234.02,Employed,Teacher,414781.69,120,3.94,689,67417.98,1,3,Home,Rented,Single,2,38240.63,33430.56,Excellent,0,8,0
100908,39,Male,204187.19,17015.6,Self-Employed,Teacher,255494.19,12,18.48,692,68404.88,6,6,Business,Rented,Divorced,2,51402.33,15100.42,Excellent,0,22,0
100909,25,Female,131401.33,10950.11,Employed,Doctor,182362.49,84,20.69,590,54754.19,2,0,Auto,Rented,Divorced,0,1484.39,34863.76,Poor,3,4,0
100910,58,Male,159401.36,13283.45,Employed,Unemployed,492409.75,12,16.64,814,101188.19,7,6,Auto,Rented,Married,0,51434.18,39546.09,Fair,1,19,0
100911,29,Male,45582.76,3798.56,Employed,Driver,72211.7,24,14.53,782,2087.65,9,5,Medical,Rented,Widowed,4,51179.99,38711.81,Good,3,9,0
100912,39,Female,124344.42,10362.04,Employed,Driver,206642.9,84,15.65,387,131026.25,6,1,Personal,Rented,Married,5,36400.68,29676.27,Fair,0,5,0
100913,69,Male,153070.31,12755.86,Retired,Clerk,436940.13,36,15.57,425,15365.85,7,6,Personal,Rented,Married,5,71632.18,14866.51,Good,1,28,0
100914,50,Female,108530.7,9044.22,Employed,Engineer,450439.41,12,20.74,826,149957.05,4,5,Business,Mortgaged,Divorced,1,10785.52,9080.22,Excellent,1,18,0
100915,43,Female,46771.96,3897.66,Self-Employed,Driver,490230.29,24,21.34,521,94212.39,3,7,Business,Owned,Widowed,4,4104.95,39714.8,Excellent,3,10,1
100916,47,Female,65044.41,5420.37,Self-Employed,Driver,442654.1,180,11.39,471,9936.97,6,1,Medical,Mortgaged,Widowed,0,39666.49,11046.98,Good,1,22,0
100917,59,Other,190150.52,15845.88,Self-Employed,Clerk,27376.6,84,14.92,738,84365.56,3,7,Business,Rented,Divorced,4,42642.76,17535.31,Excellent,2,31,0
100918,33,Other,22066.55,1838.88,Unemployed,Engineer,465023.72,48,18.35,631,49696.17,8,6,Business,Rented,Single,3,21335.13,10564.98,Poor,0,9,1
100919,52,Female,160316.73,13359.73,Employed,Doctor,215227.26,360,3.52,373,142956.48,4,2,Home,Mortgaged,Married,5,76930.22,19844.75,Excellent,2,8,0
100920,63,Male,219874.96,18322.91,Employed,Unemployed,326506.36,48,13.25,350,113320.65,4,2,Medical,Owned,Single,0,20298.18,4415.24,Good,1,23,0
100921,49,Other,16534.01,1377.83,Employed,Teacher,198349.38,240,15.58,745,76052.2,6,2,Personal,Owned,Single,4,21612.95,32362.26,Good,2,17,0
100922,42,Male,48014.36,4001.2,Employed,Teacher,407206.7,48,16.77,721,64466.61,1,3,Education,Mortgaged,Widowed,2,64878.92,20204.28,Fair,2,23,1
100923,28,Female,153199.58,12766.63,Unemployed,Driver,288807.8,12,10.32,494,149380.33,5,7,Auto,Mortgaged,Widowed,3,73825.89,16780.09,Poor,0,5,0
100924,33,Female,27298.12,2274.84,Employed,Business Owner,423081.23,24,8.97,775,100107.61,7,6,Medical,Mortgaged,Single,3,42891.18,14525.78,Good,0,32,0
100925,67,Male,135906.95,11325.58,Employed,Driver,98498.19,36,6.87,369,77089.46,7,1,Medical,Owned,Married,4,1524.32,23191.37,Excellent,0,0,0
100926,47,Female,155220.02,12935.0,Employed,Doctor,94121.58,24,13.82,778,59691.62,2,1,Education,Owned,Married,3,28434.79,31195.52,Fair,0,9,0
100927,35,Male,135570.0,11297.5,Employed,Teacher,221307.65,24,20.51,343,48687.43,0,0,Auto,Mortgaged,Single,2,17915.19,36102.44,Excellent,2,21,1
100928,41,Male,89862.86,7488.57,Self-Employed,Engineer,4366.27,48,20.08,650,105812.91,1,4,Personal,Mortgaged,Married,2,40881.44,33660.73,Excellent,1,18,0
100929,49,Female,157942.87,13161.91,Employed,Clerk,347040.77,360,10.16,764,88182.83,8,2,Business,Rented,Single,0,54605.74,17820.53,Fair,3,11,0
100930,47,Male,136830.36,11402.53,Self-Employed,Business Owner,149434.76,36,8.27,641,127227.73,2,6,Medical,Owned,Divorced,4,31394.9,33359.68,Excellent,0,34,0
100931,55,Other,57565.62,4797.14,Employed,Driver,279535.07,36,18.09,729,83034.11,0,6,Business,Mortgaged,Widowed,4,42988.8,21144.62,Excellent,2,12,0
100932,33,Male,130442.79,10870.23,Self-Employed,Business Owner,36861.77,360,16.91,489,87349.71,5,1,Business,Rented,Married,3,60788.83,25527.13,Good,2,23,0
100933,52,Female,195790.98,16315.92,Employed,Teacher,86980.89,36,12.85,458,71603.47,8,5,Home,Owned,Single,4,19691.76,26982.42,Good,0,14,0
100934,42,Other,151700.82,12641.74,Employed,Unemployed,312183.87,240,10.7,446,114393.14,2,6,Business,Owned,Married,1,15677.43,15987.27,Poor,2,15,0
100935,67,Male,111717.26,9309.77,Employed,Driver,154219.99,120,5.79,364,62248.83,0,7,Education,Owned,Widowed,1,64450.8,19442.13,Excellent,0,27,0
100936,28,Other,80924.74,6743.73,Employed,Doctor,108931.53,360,18.03,452,127790.94,1,5,Auto,Mortgaged,Single,5,2961.89,27703.56,Good,3,12,0
100937,28,Other,32606.67,2717.22,Self-Employed,Unemployed,115965.56,84,14.92,436,49056.71,1,2,Personal,Rented,Divorced,5,12047.73,12317.13,Fair,1,13,1
100938,43,Other,65148.56,5429.05,Employed,Driver,108980.04,84,10.47,716,103893.76,2,7,Education,Mortgaged,Single,5,988.54,29876.53,Fair,3,27,1
100939,45,Male,17293.28,1441.11,Employed,Unemployed,312179.77,36,20.5,417,133945.63,1,2,Auto,Mortgaged,Married,0,44430.78,14164.13,Good,2,3,1
100940,54,Other,217258.31,18104.86,Unemployed,Driver,85510.22,84,15.7,391,115361.08,6,6,Medical,Rented,Married,3,48006.86,23419.58,Good,1,15,0
100941,40,Other,60608.86,5050.74,Employed,Business Owner,182627.77,120,20.69,703,51391.22,2,3,Medical,Mortgaged,Married,4,42482.46,33504.91,Good,0,9,0
100942,65,Other,182049.57,15170.8,Employed,Engineer,344567.66,360,12.28,596,105950.85,5,7,Education,Mortgaged,Single,0,33141.52,928.2,Good,0,16,0
100943,44,Male,49572.2,4131.02,Retired,Doctor,257808.19,12,11.91,418,31047.72,4,6,Auto,Rented,Widowed,5,42322.33,9613.6,Excellent,0,20,0
100944,27,Other,73138.24,6094.85,Employed,Driver,299445.87,24,20.84,688,8724.76,6,4,Home,Owned,Divorced,4,15515.02,22446.71,Fair,1,15,0
100945,26,Male,100746.85,8395.57,Self-Employed,Unemployed,126951.68,12,21.26,419,118707.26,6,1,Business,Rented,Married,1,66099.42,4244.1,Excellent,2,34,0
100946,68,Female,81503.16,6791.93,Employed,Doctor,466492.01,180,21.27,732,121201.37,5,1,Business,Owned,Married,3,78461.84,8224.07,Good,1,31,0
100947,27,Female,178661.92,14888.49,Self-Employed,Clerk,208111.87,12,18.65,317,3439.64,8,7,Business,Mortgaged,Single,5,43249.83,29963.58,Good,0,5,0
100948,67,Female,211327.15,17610.6,Self-Employed,Doctor,144908.04,360,12.05,625,142169.25,1,6,Personal,Owned,Divorced,5,29948.44,1032.92,Excellent,0,22,0
100949,34,Female,194435.37,16202.95,Self-Employed,Engineer,452354.44,48,7.39,628,66884.97,5,4,Education,Mortgaged,Single,4,63342.62,24401.47,Excellent,1,11,0
100950,25,Male,46483.46,3873.62,Employed,Engineer,328334.23,36,10.59,505,135790.82,3,7,Personal,Mortgaged,Married,5,15445.75,1366.28,Good,0,25,0
100951,35,Female,174221.18,14518.43,Self-Employed,Engineer,307745.04,360,20.86,679,118226.18,5,6,Business,Owned,Widowed,4,25661.89,4636.95,Poor,2,16,0
100952,51,Other,45329.12,3777.43,Employed,Unemployed,443593.86,180,10.23,509,135098.03,1,3,Personal,Rented,Divorced,5,75198.45,15613.63,Fair,1,33,0
100953,41,Female,202243.13,16853.59,Retired,Driver,31153.06,84,17.5,660,125006.34,3,6,Personal,Rented,Divorced,5,14903.53,38590.75,Good,0,33,0
100954,59,Male,121165.11,10097.09,Employed,Teacher,419164.4,240,20.58,423,146099.31,9,6,Home,Owned,Married,0,8969.25,21833.9,Good,1,1,0
100955,50,Other,83958.12,6996.51,Employed,Business Owner,339576.45,180,21.45,613,94365.15,8,3,Business,Mortgaged,Divorced,3,43708.3,12488.97,Poor,1,3,0
100956,40,Male,47190.23,3932.52,Unemployed,Clerk,181276.41,120,21.03,716,34088.83,4,0,Medical,Rented,Single,2,46993.39,16453.05,Fair,0,0,0
100957,52,Female,17420.86,1451.74,Employed,Teacher,129662.97,48,13.77,832,58434.47,1,5,Business,Rented,Single,2,47772.01,22750.89,Fair,0,27,0
100958,68,Female,65829.13,5485.76,Employed,Business Owner,54193.34,360,12.6,498,112781.89,6,2,Business,Owned,Widowed,1,13158.26,24776.66,Excellent,3,8,0
100959,41,Female,202374.11,16864.51,Self-Employed,Business Owner,470654.94,180,21.77,560,23545.39,3,2,Business,Owned,Married,4,57691.58,10716.13,Excellent,1,25,0
100960,28,Other,178438.75,14869.9,Employed,Doctor,72672.23,360,7.54,562,139476.35,3,5,Business,Mortgaged,Divorced,5,19382.49,7891.78,Excellent,2,11,0
100961,41,Female,213807.71,17817.31,Employed,Driver,131200.39,360,6.97,773,30791.84,0,6,Education,Mortgaged,Widowed,2,75848.2,19812.37,Fair,3,10,0
100962,62,Other,35656.11,2971.34,Employed,Engineer,346171.38,84,21.32,830,131396.21,2,0,Medical,Owned,Widowed,4,18236.57,25794.05,Poor,0,21,0
100963,31,Male,136396.64,11366.39,Employed,Clerk,355655.91,48,16.25,655,72558.59,2,6,Home,Mortgaged,Single,1,1384.92,32663.2,Excellent,2,27,0
100964,67,Other,67715.85,5642.99,Employed,Unemployed,82062.81,360,13.42,753,126093.02,0,2,Personal,Mortgaged,Divorced,4,45427.62,23711.81,Fair,3,19,0
100965,49,Female,126303.05,10525.25,Employed,Unemployed,407437.32,360,5.94,346,143744.35,5,4,Home,Mortgaged,Widowed,0,16227.83,27697.36,Poor,0,20,1
100966,50,Male,80693.25,6724.44,Employed,Driver,256123.06,24,12.99,718,63322.12,9,6,Auto,Mortgaged,Single,5,50285.91,19359.17,Poor,1,25,0
100967,36,Male,73110.44,6092.54,Employed,Driver,424531.43,120,20.97,746,104490.68,1,1,Business,Rented,Widowed,2,18337.07,22668.77,Good,0,5,0
100968,66,Other,132638.29,11053.19,Employed,Engineer,45468.12,120,14.65,693,34007.64,0,1,Business,Rented,Divorced,3,34246.75,25417.9,Excellent,0,20,0
100969,22,Female,52580.22,4381.69,Employed,Unemployed,23329.34,180,10.99,621,120117.86,1,7,Medical,Rented,Married,4,14361.15,9453.25,Poor,1,10,0
100970,35,Female,111172.35,9264.36,Employed,Driver,319221.21,360,13.7,795,122988.85,5,2,Auto,Owned,Widowed,0,34304.91,37362.97,Excellent,0,5,0
100971,41,Male,148416.51,12368.04,Employed,Unemployed,76711.85,36,19.89,660,44286.86,8,7,Home,Mortgaged,Widowed,5,10921.63,13813.56,Excellent,3,11,0
100972,44,Female,41277.33,3439.78,Employed,Unemployed,263424.62,360,20.39,766,3621.11,3,2,Auto,Owned,Single,3,27037.84,24187.53,Excellent,0,6,0
100973,44,Other,205771.83,17147.65,Unemployed,Teacher,9026.16,120,10.9,399,64680.79,1,4,Business,Rented,Divorced,5,15914.53,22438.17,Good,2,11,0
100974,28,Male,118673.56,9889.46,Employed,Engineer,390404.77,12,14.75,666,25500.08,0,4,Education,Mortgaged,Widowed,3,65288.15,34133.82,Excellent,0,0,0
100975,32,Female,183003.23,15250.27,Employed,Doctor,449966.02,84,8.67,541,122782.66,6,7,Auto,Owned,Divorced,1,58348.33,4544.18,Good,2,26,0
100976,25,Female,149050.61,12420.88,Employed,Clerk,419763.62,24,11.85,778,39164.59,3,4,Medical,Rented,Divorced,3,13345.55,35369.24,Poor,2,12,0
100977,49,Other,160550.19,13379.18,Employed,Engineer,479259.7,360,7.57,785,141553.92,3,4,Business,Mortgaged,Single,3,6632.36,5480.6,Good,0,23,0
100978,38,Male,161806.84,13483.9,Self-Employed,Teacher,451741.69,180,13.33,765,145771.34,2,3,Personal,Owned,Married,5,2059.57,5781.22,Poor,1,26,0
100979,48,Female,194395.48,16199.62,Unemployed,Unemployed,223120.97,360,14.2,418,136325.39,8,3,Personal,Owned,Widowed,3,18133.74,34490.19,Poor,3,28,1
100980,49,Other,140789.11,11732.43,Unemployed,Business Owner,200377.41,120,9.75,571,89942.17,3,3,Education,Rented,Widowed,2,38414.19,10284.08,Fair,2,2,0
100981,55,Male,72034.52,6002.88,Employed,Teacher,448299.47,48,8.53,300,40114.2,7,3,Personal,Owned,Married,1,31990.66,24471.46,Good,3,17,1
100982,47,Other,35399.48,2949.96,Employed,Doctor,463615.52,60,6.29,839,121088.76,7,6,Medical,Mortgaged,Married,1,77719.92,18544.43,Poor,1,14,0
100983,52,Other,139281.38,11606.78,Employed,Doctor,486472.3,360,6.08,441,105239.31,0,0,Personal,Rented,Widowed,3,63379.65,37370.65,Good,0,12,1
100984,49,Other,28602.32,2383.53,Employed,Business Owner,384621.98,24,16.66,644,146575.25,2,4,Auto,Owned,Widowed,2,6254.93,31283.36,Excellent,1,28,0
100985,52,Female,64465.16,5372.1,Employed,Driver,102590.44,240,7.6,568,56587.8,8,4,Personal,Owned,Married,2,12714.59,13399.75,Poor,1,2,0
100986,51,Other,27444.97,2287.08,Employed,Doctor,472587.16,60,5.68,798,8815.2,8,6,Auto,Owned,Widowed,0,2127.92,32537.63,Good,3,10,0
100987,36,Other,127521.96,10626.83,Employed,Teacher,473676.45,84,21.98,752,149757.95,4,5,Home,Rented,Married,5,11058.11,9031.54,Poor,1,27,0
100988,33,Other,47869.32,3989.11,Unemployed,Business Owner,333733.42,120,8.31,728,125739.55,1,3,Education,Mortgaged,Widowed,5,42353.37,24622.85,Good,2,13,1
100989,59,Female,140133.5,11677.79,Employed,Driver,428925.57,12,20.08,654,33223.45,2,0,Business,Owned,Widowed,1,6139.04,30063.35,Good,2,2,0
100990,37,Female,177127.35,14760.61,Employed,Engineer,281465.86,24,14.77,365,108844.18,9,2,Education,Owned,Divorced,0,4789.44,28126.34,Fair,1,6,0
100991,47,Female,183485.55,15290.46,Unemployed,Engineer,472175.22,24,16.73,806,103.53,6,2,Auto,Rented,Married,5,9452.92,26267.28,Good,1,10,0
100992,30,Male,78456.42,6538.04,Self-Employed,Doctor,48780.33,180,13.88,334,83671.36,0,1,Auto,Owned,Married,5,53553.09,33198.75,Good,3,8,0
100993,42,Other,127535.68,10627.97,Employed,Clerk,432253.92,12,6.85,551,54425.74,7,5,Medical,Owned,Single,5,1548.65,22248.34,Poor,0,23,0
100994,46,Other,130417.21,10868.1,Employed,Teacher,29640.81,120,19.17,509,57199.96,1,3,Auto,Mortgaged,Single,3,77570.09,37133.92,Good,1,5,0
100995,51,Female,111941.87,9328.49,Employed,Clerk,170875.31,24,18.82,515,36677.97,3,6,Personal,Mortgaged,Widowed,4,30462.9,5792.39,Excellent,2,26,0
100996,46,Male,149298.35,12441.53,Employed,Teacher,69392.17,180,9.97,838,41226.78,4,1,Auto,Mortgaged,Divorced,4,26926.99,14228.34,Fair,0,10,0
100997,38,Female,58067.86,4838.99,Employed,Business Owner,240609.28,360,17.63,427,68200.3,3,7,Home,Rented,Single,1,37985.03,31319.68,Excellent,2,2,0
100998,68,Female,215744.86,17978.74,Employed,Teacher,117658.59,60,13.55,619,37221.76,6,3,Home,Owned,Divorced,3,41428.94,12322.23,Good,3,0,0
100999,46,Female,35106.36,2925.53,Employed,Doctor,476132.04,36,20.32,420,69965.99,1,2,Auto,Mortgaged,Widowed,1,33601.07,17717.96,Excellent,1,21,1
101000,60,Other,184990.33,15415.86,Employed,Doctor,280542.02,60,18.35,802,86602.16,8,2,Medical,Owned,Divorced,4,38906.07,30915.18,Excellent,2,25,0
101001,57,Other,136789.68,11399.14,Self-Employed,Unemployed,449069.91,120,4.26,705,106666.71,5,6,Education,Mortgaged,Widowed,5,27178.71,21542.79,Poor,1,4,0
101002,48,Other,65195.22,5432.94,Self-Employed,Engineer,140473.12,180,19.77,528,101571.85,3,5,Personal,Owned,Single,0,25760.59,7504.7,Excellent,2,10,0
101003,64,Other,167863.38,13988.62,Employed,Business Owner,14936.82,120,21.42,344,36298.39,9,1,Medical,Rented,Single,0,2185.22,6993.54,Fair,0,26,0
101004,27,Other,32318.58,2693.22,Employed,Teacher,388276.19,84,17.23,384,5878.44,4,7,Home,Rented,Divorced,1,53744.04,12049.29,Good,2,30,0
101005,66,Female,173755.66,14479.64,Employed,Doctor,351784.07,120,5.72,433,124902.28,4,1,Home,Rented,Divorced,0,49381.76,12120.5,Excellent,1,25,0
101006,62,Female,135946.97,11328.91,Self-Employed,Clerk,273654.84,36,18.44,523,130846.93,0,2,Medical,Owned,Divorced,0,53505.63,5466.98,Poor,0,21,0
101007,45,Female,37703.82,3141.98,Self-Employed,Unemployed,408040.68,36,15.48,788,146833.43,9,5,Business,Owned,Widowed,5,75284.4,33386.43,Excellent,3,26,1
101008,56,Female,31298.64,2608.22,Self-Employed,Unemployed,420362.02,360,9.77,365,143956.73,8,4,Business,Rented,Single,3,37846.78,11305.07,Good,0,10,1
101009,46,Other,168921.45,14076.79,Employed,Driver,294775.85,84,19.85,617,95072.1,1,3,Education,Mortgaged,Widowed,4,70541.63,32089.86,Fair,2,2,0
101010,34,Female,75051.86,6254.32,Employed,Teacher,483032.04,240,13.96,491,134140.76,9,7,Personal,Owned,Single,3,35515.46,38938.01,Fair,3,19,1
101011,60,Female,197306.88,16442.24,Employed,Engineer,360416.55,120,19.28,325,67201.26,7,6,Business,Mortgaged,Divorced,4,38209.12,13278.46,Good,3,19,0
101012,33,Male,171224.97,14268.75,Employed,Unemployed,339083.94,60,15.9,641,118100.35,4,7,Auto,Rented,Widowed,4,50636.2,38809.24,Fair,2,28,0
101013,36,Other,158129.0,13177.42,Self-Employed,Unemployed,181988.05,84,8.84,688,143300.18,9,2,Business,Rented,Divorced,0,17272.11,7648.03,Poor,2,8,0
101014,46,Female,72114.24,6009.52,Employed,Teacher,3124.77,120,21.54,828,119441.78,5,6,Home,Owned,Single,0,17388.49,25898.13,Good,2,31,0
101015,62,Female,160333.63,13361.14,Employed,Engineer,121989.45,24,14.06,579,62364.8,6,1,Auto,Owned,Divorced,2,40786.55,39647.21,Fair,3,17,0
101016,39,Female,209370.28,17447.52,Employed,Doctor,382432.41,60,13.06,479,56663.89,1,6,Auto,Rented,Widowed,2,5488.79,32334.88,Good,3,15,0
101017,45,Male,33769.77,2814.15,Employed,Doctor,355515.88,180,10.96,770,43731.41,1,4,Personal,Mortgaged,Single,5,18932.64,9188.03,Good,1,34,0
101018,23,Female,81863.34,6821.94,Employed,Unemployed,166849.03,12,6.02,436,55059.53,5,4,Personal,Rented,Widowed,1,63472.97,10293.31,Good,1,19,1
101019,26,Other,63107.81,5258.98,Employed,Doctor,313540.32,12,16.19,676,123086.5,3,0,Home,Rented,Divorced,1,37098.67,10497.22,Excellent,0,3,0
101020,23,Female,95616.28,7968.02,Unemployed,Driver,99253.16,24,11.47,819,105225.05,9,7,Medical,Mortgaged,Single,3,2129.75,37719.71,Fair,3,8,0
101021,24,Male,167178.19,13931.52,Self-Employed,Driver,133286.6,84,20.79,302,37481.88,0,2,Personal,Mortgaged,Married,1,4859.31,9816.46,Excellent,3,20,0
101022,63,Female,112219.73,9351.64,Unemployed,Engineer,473809.23,36,21.35,809,106730.27,7,4,Education,Mortgaged,Widowed,5,73561.23,20384.61,Excellent,2,8,0
101023,62,Male,131999.77,10999.98,Employed,Teacher,207763.93,60,17.7,413,56909.32,6,1,Auto,Mortgaged,Married,0,76537.48,13995.57,Good,2,5,0
101024,61,Female,79401.75,6616.81,Employed,Driver,124003.82,24,7.99,565,83665.88,8,7,Education,Owned,Widowed,5,51288.31,14450.78,Excellent,0,10,0
101025,23,Female,43964.3,3663.69,Employed,Teacher,244579.91,36,16.75,442,55555.39,9,2,Business,Rented,Married,3,14795.61,16328.71,Good,3,17,0
101026,24,Male,69721.4,5810.12,Employed,Teacher,194733.91,12,3.88,379,78244.4,8,6,Business,Mortgaged,Married,5,29446.9,13801.8,Good,0,3,1
101027,34,Other,191234.46,15936.2,Employed,Driver,365305.46,240,18.79,686,109470.58,3,6,Education,Owned,Widowed,1,24437.36,23997.1,Excellent,2,18,0
101028,48,Male,138495.48,11541.29,Employed,Teacher,481133.82,60,12.63,565,109669.6,6,4,Home,Mortgaged,Widowed,5,62812.51,17018.86,Excellent,1,25,0
101029,37,Other,92487.68,7707.31,Employed,Teacher,296685.24,24,20.83,580,112977.39,1,0,Business,Mortgaged,Single,5,42967.17,17640.46,Excellent,1,15,0
101030,44,Other,176930.73,14744.23,Employed,Engineer,296391.3,84,10.49,566,58655.82,4,2,Personal,Rented,Widowed,2,62372.52,20239.76,Good,0,24,0
101031,29,Male,28213.77,2351.15,Unemployed,Clerk,183687.26,360,8.37,711,103574.32,2,4,Auto,Rented,Married,1,28840.85,14247.14,Excellent,0,22,0
101032,56,Female,67047.67,5587.31,Employed,Doctor,283186.2,240,21.91,832,35806.74,2,4,Business,Mortgaged,Widowed,1,69560.92,30182.38,Fair,1,17,0
101033,36,Male,62171.15,5180.93,Employed,Driver,161025.78,240,13.32,582,71614.26,5,4,Business,Rented,Single,0,34332.99,20139.29,Good,1,34,0
101034,24,Male,216999.74,18083.31,Employed,Unemployed,2543.85,60,19.47,385,87466.04,1,1,Business,Owned,Divorced,3,33389.93,20368.45,Good,3,21,0
101035,57,Other,159750.21,13312.52,Employed,Doctor,433315.89,48,20.35,480,102972.33,5,4,Home,Rented,Single,5,39127.88,8393.81,Excellent,2,28,1
101036,65,Other,141646.12,11803.84,Unemployed,Driver,215863.15,48,13.09,573,136799.4,4,0,Auto,Mortgaged,Divorced,3,47344.46,1233.47,Good,0,22,0
101037,21,Male,16021.92,1335.16,Employed,Teacher,247060.07,48,11.93,357,45715.3,2,3,Education,Mortgaged,Widowed,5,71528.95,32371.0,Good,3,33,1
101038,42,Male,52783.55,4398.63,Unemployed,Business Owner,43583.46,360,13.73,426,126792.89,5,0,Medical,Mortgaged,Divorced,4,36620.44,34219.27,Good,2,15,1
101039,61,Male,145285.97,12107.16,Self-Employed,Business Owner,418881.04,24,19.18,411,46668.64,7,5,Personal,Owned,Married,4,74410.9,9649.87,Poor,3,6,1
101040,55,Female,92842.46,7736.87,Employed,Engineer,86827.86,240,21.35,836,82786.41,6,4,Medical,Rented,Widowed,4,31493.47,14401.29,Excellent,3,6,0
101041,62,Male,204477.48,17039.79,Employed,Unemployed,206489.34,360,9.57,520,124214.98,0,6,Education,Mortgaged,Single,5,25965.82,14320.72,Excellent,2,34,0
101042,41,Male,171768.46,14314.04,Employed,Teacher,420452.24,240,17.16,784,108472.44,5,3,Auto,Rented,Divorced,5,23603.65,27368.49,Fair,0,27,0
101043,39,Female,106713.73,8892.81,Employed,Clerk,229975.9,120,8.78,603,129430.45,6,1,Education,Owned,Widowed,0,1692.16,7489.44,Poor,1,10,0
101044,55,Male,168650.57,14054.21,Employed,Business Owner,465713.86,240,14.8,578,122232.18,6,1,Personal,Owned,Married,3,67931.52,39148.54,Good,2,15,0
101045,28,Other,214957.89,17913.16,Retired,Engineer,106238.52,12,18.39,817,41452.09,4,6,Business,Rented,Single,2,6338.7,2474.46,Good,0,1,0
101046,32,Other,109501.07,9125.09,Employed,Unemployed,358185.95,240,19.9,681,148940.5,0,7,Business,Rented,Married,5,26746.51,38950.7,Excellent,3,33,0
101047,50,Other,146717.81,12226.48,Self-Employed,Teacher,489043.26,84,11.8,432,140549.76,1,0,Education,Owned,Married,1,20036.54,2751.28,Fair,1,15,0
101048,53,Male,203326.25,16943.85,Employed,Engineer,275707.59,360,10.34,455,64526.19,3,5,Personal,Owned,Widowed,4,59554.94,12700.56,Good,2,13,0
101049,26,Other,65978.31,5498.19,Retired,Business Owner,346707.58,12,8.19,667,7081.42,6,3,Medical,Mortgaged,Widowed,2,74606.97,10027.73,Good,3,8,0
101050,45,Other,196744.37,16395.36,Employed,Teacher,197826.88,360,5.97,301,45524.5,7,2,Personal,Owned,Married,5,65336.78,10385.37,Good,3,2,1
101051,38,Male,34996.66,2916.39,Employed,Unemployed,376166.0,84,10.25,384,125422.88,6,4,Education,Mortgaged,Widowed,4,25599.87,39786.78,Good,2,26,1
101052,45,Other,147931.87,12327.66,Employed,Teacher,454619.28,24,19.63,340,142630.56,3,7,Medical,Owned,Single,2,36460.59,18334.07,Fair,1,7,1
101053,67,Female,175481.82,14623.48,Employed,Business Owner,352121.67,84,11.25,693,124750.79,4,1,Medical,Owned,Single,5,19762.95,4780.42,Excellent,2,3,0
101054,24,Other,140994.27,11749.52,Self-Employed,Teacher,468092.5,12,9.37,543,59511.49,0,6,Personal,Owned,Divorced,1,73918.42,39291.2,Good,2,34,1
101055,69,Female,116584.63,9715.39,Employed,Engineer,295149.02,12,17.17,306,8480.47,7,0,Medical,Owned,Divorced,0,9499.57,9706.62,Excellent,3,19,0
101056,43,Other,141556.16,11796.35,Employed,Engineer,289414.45,84,7.49,708,77637.43,3,5,Auto,Owned,Widowed,3,76156.36,2901.88,Fair,0,2,0
101057,58,Male,46091.06,3840.92,Employed,Clerk,153704.44,240,8.24,661,56457.38,5,0,Education,Mortgaged,Divorced,2,65092.55,967.23,Excellent,0,10,0
101058,41,Female,59192.0,4932.67,Employed,Teacher,355394.49,24,20.81,695,18445.86,4,0,Auto,Owned,Single,0,56926.22,18529.23,Poor,0,19,0
101059,36,Male,70329.37,5860.78,Employed,Engineer,441212.36,36,5.01,389,15878.0,2,0,Education,Owned,Divorced,5,61919.49,36733.29,Good,3,7,1
101060,58,Male,137544.76,11462.06,Employed,Business Owner,323865.48,48,11.17,782,22955.53,1,6,Personal,Owned,Married,0,27147.74,678.42,Good,2,34,0
101061,54,Male,105589.72,8799.14,Employed,Teacher,118053.53,84,14.17,399,30873.55,9,4,Personal,Rented,Married,3,23670.92,29007.06,Good,2,30,0
101062,28,Female,65117.55,5426.46,Employed,Business Owner,272966.34,12,7.76,614,113067.96,1,5,Home,Owned,Married,1,30513.67,10416.87,Good,0,30,0
101063,55,Male,195975.91,16331.33,Employed,Unemployed,378456.83,120,8.7,607,57255.52,9,1,Personal,Rented,Widowed,1,14529.06,8762.42,Good,0,18,0
101064,57,Other,91653.98,7637.83,Unemployed,Business Owner,469802.93,60,7.6,420,65540.72,1,7,Auto,Owned,Single,1,59708.81,28151.59,Good,2,34,0
101065,40,Female,106436.5,8869.71,Employed,Doctor,79984.83,360,9.89,506,89757.2,0,6,Auto,Owned,Divorced,2,38003.51,29914.93,Excellent,2,11,0
101066,66,Other,98988.72,8249.06,Employed,Driver,65493.55,48,20.12,328,144020.02,9,3,Business,Mortgaged,Single,4,70864.8,22360.61,Good,1,19,1
101067,52,Other,52298.31,4358.19,Employed,Engineer,207645.88,60,11.48,559,113470.36,9,7,Auto,Rented,Divorced,1,70270.52,8090.22,Fair,0,26,0
101068,37,Male,164983.54,13748.63,Employed,Clerk,64554.36,12,11.23,673,96856.89,8,1,Medical,Owned,Single,4,12468.31,252.33,Excellent,1,17,0
101069,21,Male,106933.94,8911.16,Employed,Clerk,490253.6,360,10.65,470,111574.82,7,2,Home,Owned,Widowed,2,17505.46,29491.11,Fair,2,29,0
101070,54,Female,18332.71,1527.73,Employed,Clerk,213303.57,240,21.34,596,107893.88,4,0,Home,Rented,Widowed,4,32851.22,23984.58,Poor,0,3,0
101071,31,Female,212622.81,17718.57,Employed,Teacher,267738.04,48,5.67,825,103537.39,1,1,Personal,Owned,Widowed,2,9505.16,16901.85,Fair,1,15,0
101072,58,Male,182231.54,15185.96,Employed,Clerk,115089.72,60,19.63,429,74461.07,5,6,Auto,Owned,Married,2,55154.71,8543.28,Excellent,2,29,0
101073,46,Other,163329.67,13610.81,Employed,Engineer,225664.81,240,9.55,460,85027.06,5,3,Personal,Owned,Widowed,3,59007.65,30477.38,Good,0,6,0
101074,43,Female,193163.83,16096.99,Retired,Unemployed,492377.58,36,21.2,366,69223.72,7,5,Personal,Rented,Single,4,57708.03,2835.81,Fair,0,13,0
101075,29,Other,200895.49,16741.29,Employed,Doctor,245366.2,36,9.33,598,59243.77,0,7,Auto,Rented,Married,2,37616.83,25708.1,Good,2,34,0
101076,55,Male,84185.39,7015.45,Employed,Engineer,6394.32,36,5.03,412,40615.21,0,6,Business,Rented,Single,5,67457.3,27535.94,Excellent,0,21,0
101077,29,Other,140246.53,11687.21,Employed,Clerk,122778.71,180,13.12,770,53281.98,5,3,Business,Mortgaged,Single,3,48467.66,8930.29,Good,1,12,0
101078,41,Male,139805.6,11650.47,Employed,Unemployed,489270.51,36,7.72,460,64279.44,8,2,Home,Owned,Married,1,79488.94,19333.0,Good,2,12,0
101079,61,Female,69796.43,5816.37,Self-Employed,Driver,494555.62,12,17.43,665,86906.91,9,0,Personal,Owned,Divorced,0,65235.06,20807.97,Excellent,0,7,0
101080,66,Female,60500.21,5041.68,Employed,Teacher,106825.56,24,15.66,404,74981.26,5,6,Medical,Rented,Widowed,2,57780.71,23651.28,Excellent,2,25,0
101081,69,Other,38350.99,3195.92,Employed,Unemployed,308401.52,360,16.2,477,16192.34,3,7,Medical,Rented,Single,0,9864.22,36047.52,Good,3,3,0
101082,67,Male,150159.41,12513.28,Employed,Teacher,40300.35,240,7.08,394,50996.05,4,4,Home,Owned,Married,0,66608.0,21856.6,Good,3,7,0
101083,48,Male,175088.39,14590.7,Employed,Teacher,289565.94,360,16.61,604,56429.02,5,3,Auto,Rented,Divorced,2,24445.78,2692.74,Excellent,1,4,0
101084,30,Female,170995.36,14249.61,Retired,Teacher,64708.51,36,9.26,315,106038.89,6,6,Personal,Rented,Single,1,33513.14,13798.88,Poor,1,26,1
101085,62,Female,79836.45,6653.04,Employed,Unemployed,409693.44,60,21.98,345,49933.81,2,2,Auto,Rented,Divorced,5,37020.82,25133.07,Excellent,2,33,1
101086,60,Male,57078.27,4756.52,Self-Employed,Driver,469908.34,60,17.04,576,1193.37,3,3,Business,Rented,Divorced,4,26504.84,13325.63,Excellent,2,3,0
101087,69,Male,107990.91,8999.24,Employed,Clerk,88147.43,84,14.42,600,12650.49,5,7,Education,Mortgaged,Divorced,4,8675.1,30717.61,Excellent,2,33,0
101088,52,Male,127096.76,10591.4,Retired,Doctor,232430.66,12,19.54,481,74549.76,8,3,Auto,Owned,Single,3,15949.11,7596.22,Excellent,1,32,0
101089,27,Female,203412.86,16951.07,Employed,Teacher,52817.41,84,14.4,537,28274.33,8,7,Business,Rented,Single,0,64277.32,5720.2,Good,0,17,0
101090,45,Female,194338.75,16194.9,Employed,Engineer,170891.72,12,13.73,529,74193.36,7,1,Auto,Owned,Widowed,5,52181.61,9241.31,Excellent,0,1,0
101091,42,Female,202791.96,16899.33,Self-Employed,Driver,34418.68,36,7.89,717,86130.81,2,3,Home,Mortgaged,Widowed,2,75427.32,35043.4,Poor,3,24,0
101092,62,Other,189303.79,15775.32,Employed,Unemployed,133744.17,36,16.05,545,140015.69,4,3,Business,Rented,Married,2,65685.47,27237.39,Poor,1,18,0
101093,40,Male,212739.15,17728.26,Employed,Engineer,495131.39,120,10.43,767,98336.99,5,2,Auto,Owned,Divorced,3,32177.62,20801.95,Good,1,29,0
101094,37,Other,110427.5,9202.29,Retired,Engineer,24212.43,240,4.3,419,4656.11,9,7,Auto,Rented,Divorced,0,62896.49,12013.49,Fair,2,10,0
101095,24,Other,24732.07,2061.01,Employed,Clerk,429766.23,120,18.6,409,57109.58,3,3,Personal,Rented,Divorced,2,46114.34,36743.63,Good,0,19,1
101096,61,Male,32130.22,2677.52,Self-Employed,Engineer,40571.38,60,4.46,522,119018.55,9,7,Business,Mortgaged,Divorced,3,22904.09,35551.06,Fair,1,31,0
101097,58,Male,95006.61,7917.22,Employed,Driver,265440.47,84,15.94,344,39084.37,7,1,Business,Owned,Divorced,4,78007.15,15976.02,Excellent,1,23,0
101098,23,Male,67825.85,5652.15,Self-Employed,Unemployed,227155.66,84,6.4,669,138745.96,6,2,Home,Owned,Single,3,74279.28,30108.95,Good,0,22,0
101099,42,Male,49837.82,4153.15,Unemployed,Teacher,465914.22,24,11.5,515,79351.61,7,3,Home,Rented,Single,5,8975.88,36542.56,Excellent,2,33,0
101100,44,Female,210406.77,17533.9,Employed,Business Owner,101126.83,360,19.39,501,13867.15,7,4,Education,Owned,Widowed,5,67153.72,12534.14,Excellent,0,17,0
101101,43,Male,55061.02,4588.42,Employed,Unemployed,91481.64,360,5.25,594,36250.58,6,1,Education,Rented,Divorced,0,6214.94,13148.73,Poor,0,6,0
101102,66,Male,211672.75,17639.4,Employed,Business Owner,374859.62,36,15.84,345,135944.88,6,2,Education,Owned,Single,0,74305.54,21832.25,Excellent,2,34,0
101103,28,Female,170971.96,14247.66,Employed,Teacher,363408.3,24,14.83,507,148718.96,3,4,Home,Mortgaged,Single,3,49933.28,16334.66,Good,1,4,0
101104,36,Other,146393.86,12199.49,Self-Employed,Engineer,350192.52,24,19.55,835,129452.38,4,2,Medical,Mortgaged,Single,4,13326.58,30459.18,Excellent,2,19,0
101105,29,Male,153583.89,12798.66,Employed,Driver,15011.3,120,6.7,646,48101.5,5,6,Education,Owned,Divorced,3,65380.99,21477.21,Poor,2,26,0
101106,32,Other,82952.24,6912.69,Employed,Unemployed,131459.92,12,18.3,616,115322.85,8,3,Personal,Rented,Divorced,1,41262.55,8474.22,Good,0,27,0
101107,65,Female,147517.54,12293.13,Employed,Engineer,420267.8,24,11.83,578,33334.15,6,7,Education,Rented,Single,3,4763.99,14255.49,Excellent,2,24,0
101108,67,Other,53271.88,4439.32,Employed,Driver,301227.34,120,11.43,558,57678.34,9,1,Education,Owned,Single,5,63874.19,26849.56,Good,0,14,0
101109,23,Male,207229.61,17269.13,Self-Employed,Teacher,301893.07,24,10.19,816,104575.22,6,6,Home,Rented,Single,1,63067.06,2137.37,Excellent,1,6,0
101110,51,Female,76867.63,6405.64,Employed,Engineer,149366.47,12,10.63,812,145335.2,4,3,Personal,Rented,Married,2,38564.8,13686.69,Excellent,2,1,0
101111,32,Other,67313.24,5609.44,Employed,Business Owner,131566.2,12,13.12,525,65879.74,5,0,Home,Rented,Single,3,58488.77,643.84,Fair,1,10,0
101112,30,Male,160788.37,13399.03,Self-Employed,Clerk,473384.33,180,5.48,809,74375.46,6,5,Personal,Mortgaged,Married,2,3211.87,32834.68,Poor,1,34,0
101113,35,Other,149571.99,12464.33,Retired,Driver,364422.13,48,11.36,345,33025.28,8,1,Medical,Mortgaged,Single,0,25448.53,4687.6,Fair,0,23,0
101114,30,Female,107516.28,8959.69,Employed,Doctor,65179.33,36,15.56,476,60483.41,2,1,Education,Mortgaged,Widowed,4,53857.79,3088.19,Excellent,1,14,0
101115,45,Female,144651.48,12054.29,Unemployed,Teacher,468978.06,120,12.72,466,9452.79,2,4,Medical,Owned,Widowed,4,18448.46,31463.72,Good,1,17,0
101116,69,Female,47696.08,3974.67,Employed,Doctor,292020.34,24,6.57,684,128787.88,2,6,Personal,Owned,Married,3,36032.91,3580.27,Fair,3,11,0
101117,49,Female,153032.3,12752.69,Self-Employed,Unemployed,168014.46,84,10.22,633,3500.19,0,2,Home,Owned,Widowed,3,74555.74,27370.5,Excellent,2,31,0
101118,56,Male,70475.19,5872.93,Employed,Doctor,199775.44,60,11.69,560,102528.69,6,4,Auto,Owned,Divorced,3,66140.14,15194.54,Fair,3,15,1
101119,45,Other,70931.38,5910.95,Employed,Teacher,363251.45,120,15.87,441,40983.26,9,0,Business,Rented,Single,1,44639.72,32867.98,Good,1,29,0
101120,21,Female,48246.89,4020.57,Employed,Engineer,189383.78,120,20.16,579,71416.41,6,1,Personal,Mortgaged,Married,0,46137.31,7314.05,Poor,3,1,1
101121,25,Other,83137.31,6928.11,Employed,Clerk,290214.91,120,13.68,448,42233.77,0,6,Home,Mortgaged,Single,5,70960.48,3376.68,Good,1,17,0
101122,34,Female,82906.47,6908.87,Employed,Clerk,355828.75,36,16.01,574,60010.6,3,0,Personal,Rented,Divorced,1,69044.73,9136.3,Poor,1,21,0
101123,32,Female,108106.7,9008.89,Employed,Business Owner,99296.75,24,4.93,487,82016.68,9,2,Personal,Rented,Widowed,4,7063.74,37285.4,Good,1,23,0
101124,62,Female,54036.0,4503.0,Employed,Engineer,472232.26,84,21.16,789,96134.01,0,4,Home,Rented,Divorced,3,37246.19,33164.84,Fair,2,0,0
101125,62,Other,54566.54,4547.21,Employed,Engineer,179374.04,12,9.33,711,141042.92,6,0,Medical,Owned,Single,3,15268.29,11431.49,Excellent,2,22,0
101126,62,Other,126056.41,10504.7,Employed,Clerk,210848.63,60,10.05,396,49830.14,4,7,Business,Owned,Single,0,6657.58,8244.57,Good,0,29,0
101127,52,Other,41419.87,3451.66,Employed,Unemployed,349860.16,120,7.62,818,87728.63,9,4,Business,Owned,Married,5,23391.64,6273.68,Good,2,3,0
101128,48,Female,156223.89,13018.66,Unemployed,Doctor,305174.97,240,5.07,662,135258.32,5,2,Home,Owned,Single,3,48851.5,8848.14,Excellent,3,11,0
101129,52,Other,208509.16,17375.76,Retired,Clerk,221179.68,120,18.12,493,43534.77,5,7,Business,Mortgaged,Single,4,63549.63,8201.76,Good,1,14,0
101130,40,Female,102493.1,8541.09,Employed,Unemployed,325571.54,360,7.95,592,129757.5,7,4,Education,Rented,Married,4,72998.11,35527.51,Excellent,2,8,1
101131,53,Female,199726.59,16643.88,Employed,Doctor,451608.5,84,8.73,407,143633.26,8,5,Education,Mortgaged,Divorced,0,33836.49,799.44,Poor,2,15,1
101132,59,Other,35154.9,2929.58,Employed,Driver,400541.24,60,6.86,325,127124.06,5,0,Personal,Rented,Single,5,33785.85,35204.9,Fair,3,31,0
101133,58,Male,23806.31,1983.86,Employed,Doctor,412480.99,36,21.54,531,85479.08,7,1,Auto,Mortgaged,Widowed,3,12260.2,1656.99,Fair,2,31,1
101134,51,Other,162880.62,13573.38,Unemployed,Driver,130687.39,120,17.95,730,108317.33,8,0,Home,Rented,Married,1,15587.3,33073.39,Good,1,21,0
101135,23,Male,171009.42,14250.79,Employed,Clerk,210862.87,240,20.7,493,72159.88,5,4,Education,Owned,Single,3,8199.59,17029.89,Excellent,0,30,0
101136,56,Female,187826.94,15652.24,Employed,Doctor,277801.93,48,19.44,511,89588.37,7,6,Personal,Owned,Single,3,78072.04,3088.22,Good,3,28,0
101137,38,Female,26647.62,2220.63,Employed,Doctor,24007.03,12,20.27,845,146171.11,3,7,Home,Rented,Widowed,3,10207.79,31960.21,Excellent,1,2,0
101138,57,Female,174265.95,14522.16,Employed,Driver,385356.51,12,12.36,843,37668.08,3,4,Medical,Mortgaged,Divorced,1,60531.4,10257.59,Good,3,13,0
101139,47,Female,92190.44,7682.54,Self-Employed,Unemployed,163084.79,120,6.66,555,118882.07,0,0,Personal,Mortgaged,Widowed,5,25421.14,35121.12,Fair,0,29,0
101140,64,Female,77184.21,6432.02,Employed,Business Owner,142732.85,120,9.55,324,75934.97,6,5,Medical,Rented,Widowed,1,42971.82,30090.31,Excellent,1,15,0
101141,37,Female,50469.9,4205.82,Employed,Doctor,131127.42,24,8.91,674,26530.99,2,5,Education,Rented,Widowed,2,69816.82,39270.82,Excellent,3,21,0
101142,66,Female,219183.23,18265.27,Employed,Engineer,143122.87,12,16.77,693,96530.31,8,4,Home,Owned,Widowed,5,74893.4,33274.92,Excellent,0,14,0
101143,62,Female,28051.04,2337.59,Unemployed,Clerk,170331.39,120,3.97,803,118864.04,9,5,Auto,Mortgaged,Widowed,0,19218.43,9638.46,Good,1,0,0
101144,37,Other,184536.64,15378.05,Employed,Unemployed,303202.63,48,6.13,822,85313.37,8,4,Business,Mortgaged,Widowed,2,72901.55,16368.61,Excellent,3,19,0
101145,44,Female,146096.36,12174.7,Self-Employed,Doctor,292615.53,60,16.13,646,125614.92,2,5,Business,Mortgaged,Widowed,2,20164.19,27865.21,Good,1,13,0
101146,47,Female,165691.49,13807.62,Unemployed,Teacher,129344.45,36,5.78,359,54880.29,6,3,Personal,Rented,Married,4,64383.78,12642.6,Excellent,3,27,1
101147,58,Other,160902.01,13408.5,Employed,Doctor,104799.29,180,4.39,437,137065.24,7,1,Personal,Rented,Divorced,4,1220.03,21860.14,Excellent,2,31,0
101148,54,Other,190979.07,15914.92,Unemployed,Business Owner,413526.38,180,5.52,694,97248.01,5,0,Personal,Owned,Widowed,4,42818.52,9505.88,Fair,3,3,1
101149,62,Male,52677.37,4389.78,Employed,Clerk,48176.22,12,16.28,634,120473.9,5,7,Business,Mortgaged,Widowed,2,58065.01,26518.03,Poor,2,12,0
101150,39,Other,15169.05,1264.09,Self-Employed,Teacher,257385.77,12,6.08,540,40947.77,4,3,Home,Mortgaged,Single,2,67115.12,13685.36,Excellent,0,13,0
101151,45,Male,137698.34,11474.86,Employed,Doctor,261239.32,84,6.21,521,66919.25,3,2,Business,Mortgaged,Single,0,67290.31,2207.12,Excellent,3,23,0
101152,42,Male,87541.02,7295.08,Employed,Teacher,287920.13,120,7.76,690,136442.61,5,2,Personal,Owned,Single,4,23909.43,38710.96,Excellent,1,13,0
101153,65,Other,40376.4,3364.7,Employed,Clerk,443053.76,24,17.39,532,7634.33,9,0,Medical,Mortgaged,Divorced,1,68251.97,33756.14,Fair,1,19,0
101154,35,Male,53158.44,4429.87,Employed,Unemployed,312709.14,24,7.21,385,60597.26,2,7,Medical,Rented,Married,2,25891.76,12148.67,Good,2,31,0
101155,49,Other,83008.61,6917.38,Employed,Driver,486869.62,120,4.15,839,117047.8,0,0,Home,Owned,Divorced,4,18701.39,5184.99,Good,1,20,0
101156,26,Other,29397.84,2449.82,Employed,Business Owner,435933.84,60,20.26,492,111572.2,0,1,Education,Mortgaged,Single,4,117.86,29409.05,Good,1,3,1
101157,62,Other,26667.21,2222.27,Employed,Unemployed,108940.65,24,19.71,453,127743.42,5,3,Business,Rented,Single,0,18857.22,8826.91,Poor,2,16,1
101158,39,Other,202785.38,16898.78,Employed,Engineer,122109.29,120,6.92,338,110908.55,2,2,Auto,Mortgaged,Widowed,4,9475.11,24218.16,Excellent,2,31,0
101159,37,Other,78981.06,6581.76,Employed,Unemployed,173697.52,12,8.41,558,142063.82,4,0,Education,Mortgaged,Married,2,53994.93,31163.17,Excellent,2,16,1
101160,49,Male,216357.29,18029.77,Retired,Business Owner,196974.18,36,6.99,843,74738.93,9,2,Home,Owned,Single,2,11583.01,10896.95,Good,0,34,0
101161,45,Other,212695.24,17724.6,Retired,Driver,277391.57,180,16.81,388,93643.48,0,6,Auto,Owned,Single,0,46830.68,11385.47,Good,3,31,1
101162,62,Male,44227.11,3685.59,Employed,Unemployed,117791.29,36,8.13,434,127155.86,1,2,Home,Mortgaged,Married,4,10117.42,2464.51,Excellent,2,9,1
101163,47,Male,161559.48,13463.29,Employed,Doctor,112727.9,12,20.73,398,105253.64,2,6,Medical,Rented,Married,2,56353.48,12793.93,Poor,2,14,0
101164,46,Male,138165.0,11513.75,Employed,Doctor,191932.2,360,18.81,351,15308.51,4,2,Medical,Owned,Widowed,0,22843.64,23898.04,Fair,3,6,0
101165,26,Female,156582.65,13048.55,Self-Employed,Driver,336667.51,36,14.39,632,55049.47,6,0,Education,Owned,Single,0,24695.71,6231.87,Poor,1,6,0
101166,22,Other,34719.16,2893.26,Employed,Teacher,344686.56,84,3.67,464,82888.62,1,0,Home,Rented,Divorced,4,51230.83,38123.31,Poor,0,12,1
101167,40,Male,53654.82,4471.23,Self-Employed,Teacher,488106.14,240,19.85,713,113207.63,1,6,Education,Rented,Married,0,75115.63,28896.63,Good,0,14,0
101168,69,Other,30710.93,2559.24,Employed,Business Owner,102802.89,360,16.96,520,81535.14,0,3,Education,Owned,Married,3,79328.08,8156.04,Poor,3,12,1
101169,65,Female,138847.51,11570.63,Employed,Clerk,197643.86,240,18.08,650,116632.39,8,7,Auto,Mortgaged,Married,4,28581.09,21224.67,Fair,3,25,0
101170,51,Female,217251.17,18104.26,Self-Employed,Driver,482409.39,48,4.83,349,125641.42,0,6,Business,Mortgaged,Married,5,75706.13,15657.64,Good,0,5,0
101171,51,Other,152756.83,12729.74,Employed,Teacher,345624.35,240,16.61,481,39769.24,6,0,Medical,Owned,Divorced,0,48985.72,15294.13,Fair,2,16,0
101172,40,Female,160706.11,13392.18,Self-Employed,Clerk,296954.71,12,18.38,528,92414.73,5,2,Medical,Owned,Divorced,1,72517.49,22399.53,Poor,2,31,1
101173,29,Female,216839.93,18069.99,Employed,Engineer,270743.73,48,21.2,332,83566.56,1,5,Medical,Owned,Single,0,2228.17,4326.03,Fair,0,25,0
101174,21,Other,153992.37,12832.7,Employed,Engineer,39604.17,24,14.24,531,34097.59,5,0,Personal,Mortgaged,Single,5,2653.83,8612.55,Fair,3,7,0
101175,37,Female,23237.22,1936.44,Employed,Unemployed,446900.16,84,12.9,559,73481.71,2,7,Home,Owned,Single,3,5965.92,5987.21,Excellent,1,8,0
101176,36,Female,192736.15,16061.35,Employed,Driver,313501.6,240,11.37,522,82285.24,5,1,Business,Mortgaged,Widowed,5,64351.44,6959.17,Fair,0,32,0
101177,30,Male,89759.05,7479.92,Employed,Unemployed,286690.37,180,16.47,577,122600.98,1,6,Business,Owned,Married,0,11036.52,26208.7,Good,2,20,1
101178,33,Male,15894.54,1324.54,Employed,Business Owner,270671.17,360,20.54,739,69148.41,6,6,Home,Owned,Divorced,4,14126.8,39846.6,Good,3,30,1
101179,22,Male,118983.01,9915.25,Employed,Clerk,197173.28,24,14.6,724,12137.4,7,4,Home,Owned,Married,0,46831.99,26044.24,Fair,0,30,0
101180,50,Male,207088.08,17257.34,Self-Employed,Doctor,128823.02,180,7.7,307,73094.39,0,6,Business,Mortgaged,Married,0,76595.67,39388.94,Good,2,15,0
101181,66,Male,67752.79,5646.07,Employed,Teacher,378150.35,180,3.83,652,125692.64,5,7,Personal,Owned,Single,2,45369.0,23080.29,Excellent,2,18,1
101182,54,Other,115760.2,9646.68,Employed,Driver,255764.62,60,14.95,798,85688.32,6,5,Auto,Owned,Married,2,58607.66,11332.34,Fair,2,12,0
101183,42,Male,50624.26,4218.69,Self-Employed,Doctor,18901.89,12,19.5,780,47829.78,0,5,Education,Owned,Widowed,2,15018.74,34892.19,Excellent,2,22,0
101184,41,Female,26827.0,2235.58,Employed,Business Owner,200749.06,24,4.72,478,138145.64,7,3,Home,Rented,Widowed,0,73133.92,2687.64,Excellent,2,22,1
101185,36,Other,31511.71,2625.98,Unemployed,Clerk,464444.61,360,10.86,731,23347.71,5,2,Home,Mortgaged,Married,3,4470.13,4097.12,Excellent,0,23,0
101186,27,Other,164037.24,13669.77,Employed,Business Owner,188199.49,36,20.89,741,49031.65,3,6,Business,Rented,Divorced,2,22625.52,37904.98,Good,0,30,0
101187,50,Female,192135.27,16011.27,Employed,Driver,207790.04,120,12.78,501,65570.2,4,1,Business,Owned,Married,5,36297.94,26007.41,Excellent,3,25,0
101188,48,Male,44376.26,3698.02,Unemployed,Unemployed,312732.64,360,7.58,778,110696.68,6,3,Personal,Mortgaged,Widowed,4,18093.77,37158.48,Good,1,3,0
101189,21,Other,74105.31,6175.44,Employed,Unemployed,401234.05,60,10.04,648,125362.02,6,4,Medical,Owned,Divorced,2,53100.87,5315.46,Poor,3,12,0
101190,41,Male,54981.04,4581.75,Employed,Driver,334893.64,36,11.05,713,8784.07,7,3,Auto,Owned,Widowed,4,54303.39,30730.44,Good,1,19,0
101191,34,Other,20505.43,1708.79,Self-Employed,Business Owner,425327.26,60,5.67,711,118805.37,0,2,Education,Owned,Widowed,3,16948.64,9392.42,Poor,1,21,1
101192,29,Other,128453.43,10704.45,Employed,Driver,58757.35,36,15.72,730,108079.26,7,4,Medical,Owned,Married,2,687.3,13734.17,Good,0,30,0
101193,55,Male,158484.04,13207.0,Self-Employed,Teacher,462447.09,24,14.46,827,134197.85,0,2,Home,Owned,Married,5,5945.38,35959.66,Excellent,1,14,0
101194,46,Other,147814.88,12317.91,Unemployed,Unemployed,452153.12,240,15.48,772,135066.45,6,7,Personal,Owned,Divorced,3,34.23,16450.21,Fair,3,28,0
101195,52,Male,94550.98,7879.25,Retired,Teacher,260536.0,48,14.8,532,116628.83,3,1,Medical,Owned,Single,2,72431.5,26821.46,Good,3,13,0
101196,55,Male,128777.1,10731.42,Employed,Business Owner,313121.63,120,3.81,609,28530.4,0,3,Home,Rented,Widowed,3,49733.26,35491.04,Poor,1,5,1
101197,69,Other,34290.36,2857.53,Employed,Engineer,107980.9,180,6.73,657,47080.73,6,6,Home,Owned,Divorced,4,11074.82,34834.96,Excellent,1,16,0
101198,60,Other,46632.26,3886.02,Self-Employed,Engineer,225077.82,84,6.56,771,140447.95,5,3,Personal,Mortgaged,Single,4,7401.03,356.29,Fair,2,5,0
101199,51,Male,206017.9,17168.16,Employed,Business Owner,102946.27,84,5.31,516,89725.99,6,5,Education,Mortgaged,Married,3,65407.59,6328.61,Good,3,14,0
101200,64,Other,171109.09,14259.09,Employed,Clerk,12944.39,24,17.11,472,80814.11,3,5,Medical,Mortgaged,Widowed,1,64883.17,36744.87,Fair,2,8,1
101201,44,Other,204161.51,17013.46,Employed,Engineer,490489.73,84,5.72,706,137356.42,2,2,Business,Rented,Married,3,74190.37,22496.63,Excellent,0,0,0
101202,69,Other,202919.46,16909.95,Employed,Driver,131054.96,180,15.86,825,131129.79,6,5,Business,Mortgaged,Divorced,2,12741.88,19208.0,Good,1,23,0
101203,58,Male,148125.49,12343.79,Employed,Engineer,297367.94,24,6.8,802,109124.42,2,1,Auto,Owned,Widowed,5,41781.98,2610.31,Excellent,2,25,0
101204,52,Male,205288.92,17107.41,Employed,Unemployed,151524.69,36,5.69,381,132337.85,8,5,Auto,Owned,Married,5,9718.08,1002.09,Fair,0,4,0
101205,65,Other,100424.34,8368.7,Employed,Teacher,186569.57,120,6.51,806,17075.25,6,1,Auto,Owned,Widowed,0,63651.17,38136.59,Excellent,2,20,0
101206,46,Other,15741.33,1311.78,Employed,Business Owner,200085.26,360,12.91,734,113631.59,9,5,Home,Rented,Married,5,32998.78,18954.04,Good,3,17,0
101207,56,Other,27827.08,2318.92,Unemployed,Teacher,168853.27,48,15.44,386,144846.03,0,0,Home,Mortgaged,Divorced,5,55666.04,31456.69,Fair,1,4,1
101208,34,Female,37444.9,3120.41,Employed,Driver,319425.08,240,18.52,303,7346.52,5,6,Medical,Owned,Widowed,5,2425.09,8800.06,Good,2,21,1
101209,68,Male,34547.46,2878.96,Employed,Driver,480546.26,24,5.88,412,33456.85,5,5,Home,Mortgaged,Single,2,62234.48,9482.88,Fair,2,9,1
101210,51,Other,87098.99,7258.25,Employed,Engineer,215460.06,84,14.9,812,119095.26,8,0,Business,Mortgaged,Divorced,1,18358.9,22410.21,Fair,2,28,0
101211,59,Male,158760.52,13230.04,Employed,Engineer,486716.71,360,17.82,715,78007.07,4,0,Business,Owned,Divorced,3,67424.35,35041.03,Excellent,0,21,0
101212,43,Female,177083.01,14756.92,Retired,Doctor,334563.02,60,9.28,616,12992.75,9,1,Home,Rented,Divorced,5,14868.68,11543.2,Fair,2,3,0
101213,63,Other,135993.72,11332.81,Unemployed,Unemployed,304353.83,84,4.97,647,40193.7,2,7,Medical,Rented,Widowed,2,63207.78,13152.0,Good,0,18,0
101214,24,Female,45019.42,3751.62,Employed,Engineer,120077.72,24,6.39,527,48608.94,8,4,Business,Mortgaged,Married,5,10728.46,22025.13,Good,2,4,0
101215,26,Male,168319.83,14026.65,Employed,Teacher,33334.51,84,5.19,798,48159.41,5,2,Home,Rented,Widowed,1,53073.38,1600.22,Excellent,1,25,0
101216,45,Male,87734.39,7311.2,Employed,Clerk,426263.52,84,19.91,386,131650.91,9,2,Home,Owned,Divorced,5,62340.7,15150.49,Good,3,10,1
101217,56,Female,17663.64,1471.97,Employed,Engineer,287842.57,360,10.47,472,99305.47,2,0,Personal,Rented,Single,0,30898.63,22251.32,Fair,0,17,1
101218,60,Other,72520.67,6043.39,Employed,Business Owner,208378.1,36,13.18,410,110237.59,2,1,Business,Mortgaged,Divorced,5,19546.61,193.07,Poor,3,24,1
101219,42,Female,82773.11,6897.76,Employed,Engineer,406359.73,48,17.72,767,2035.51,5,6,Education,Rented,Single,5,27562.21,25520.14,Poor,0,29,0
101220,52,Other,71220.33,5935.03,Employed,Clerk,156669.03,120,10.37,597,64126.8,5,4,Education,Rented,Widowed,4,23727.33,2038.44,Fair,2,17,1
101221,48,Male,181433.38,15119.45,Employed,Driver,392241.39,360,15.51,676,47673.09,1,2,Home,Mortgaged,Single,3,50645.33,28798.36,Excellent,1,2,0
101222,68,Other,170784.91,14232.08,Employed,Business Owner,165325.99,36,4.92,806,127788.81,6,0,Home,Owned,Married,2,3564.94,32067.14,Good,0,9,0
101223,53,Other,157588.17,13132.35,Employed,Teacher,460598.83,120,12.4,407,143080.45,4,2,Business,Rented,Widowed,5,3314.91,33551.79,Excellent,0,21,0
101224,41,Female,43496.04,3624.67,Employed,Business Owner,135447.5,240,5.29,831,63501.13,1,3,Education,Mortgaged,Single,0,23021.81,26935.52,Fair,0,1,0
101225,68,Other,180605.95,15050.5,Employed,Clerk,70501.95,120,8.09,369,145959.09,5,0,Auto,Mortgaged,Married,1,22157.87,22462.82,Excellent,0,13,0
101226,26,Female,153821.07,12818.42,Employed,Teacher,349652.16,60,8.93,715,2153.88,6,4,Education,Rented,Divorced,0,14165.62,12302.46,Poor,1,11,0
101227,69,Female,54941.73,4578.48,Employed,Engineer,83097.93,36,16.78,687,48857.91,0,5,Business,Rented,Married,1,57345.2,16984.55,Excellent,0,10,0
101228,28,Other,147859.26,12321.61,Employed,Teacher,474782.8,36,15.97,754,116239.68,9,7,Auto,Owned,Divorced,3,1901.03,3482.24,Excellent,3,33,0
101229,35,Other,114119.89,9509.99,Employed,Unemployed,328466.45,12,17.32,387,54014.94,6,2,Education,Mortgaged,Married,2,73938.78,28284.06,Fair,3,33,1
101230,61,Other,105066.76,8755.56,Self-Employed,Driver,116968.61,24,4.64,828,138144.35,2,2,Auto,Rented,Married,2,60598.95,987.37,Excellent,1,31,0
101231,56,Male,37985.25,3165.44,Unemployed,Engineer,105991.83,60,21.89,737,32769.73,7,6,Business,Owned,Married,1,32236.62,16537.48,Excellent,0,30,0
101232,68,Other,121252.38,10104.36,Employed,Business Owner,462089.77,24,4.51,360,119350.01,8,2,Home,Mortgaged,Divorced,2,68714.75,20248.43,Good,3,31,0
101233,57,Male,35486.02,2957.17,Employed,Business Owner,304713.24,12,18.78,606,30255.34,9,5,Medical,Owned,Widowed,2,49452.28,26003.58,Poor,2,6,0
101234,52,Female,48671.94,4056.0,Self-Employed,Teacher,447080.53,120,17.19,750,29565.74,7,5,Business,Owned,Single,1,45618.36,13727.96,Excellent,0,13,0
101235,37,Female,42171.99,3514.33,Employed,Driver,56892.15,12,14.45,562,66862.4,2,7,Auto,Mortgaged,Married,5,25041.43,17711.51,Good,0,2,0
101236,21,Female,210592.2,17549.35,Employed,Unemployed,462845.31,24,11.62,509,141741.09,1,2,Personal,Rented,Single,5,53048.37,23495.04,Excellent,2,27,0
101237,27,Other,73397.26,6116.44,Employed,Teacher,260984.56,84,17.51,451,87818.24,2,4,Medical,Mortgaged,Single,5,11175.58,36926.99,Good,0,30,1
101238,35,Other,87816.89,7318.07,Employed,Engineer,334874.11,360,17.19,584,95254.93,8,1,Home,Owned,Widowed,0,41991.94,26878.89,Good,2,1,1
101239,23,Male,81026.52,6752.21,Employed,Teacher,187691.98,180,6.04,842,1459.9,3,6,Auto,Rented,Divorced,2,9288.8,10177.38,Good,1,5,0
101240,45,Male,199141.34,16595.11,Employed,Doctor,31451.88,12,18.16,634,8492.28,3,0,Home,Owned,Widowed,4,35611.76,33890.54,Good,3,5,0
101241,59,Male,130408.01,10867.33,Employed,Driver,479070.28,24,4.95,697,10040.1,8,5,Home,Owned,Divorced,2,49301.7,2202.58,Poor,1,32,0
101242,68,Other,203427.78,16952.31,Employed,Business Owner,497309.97,180,12.76,729,122946.33,2,1,Personal,Mortgaged,Divorced,1,12440.28,10891.96,Fair,1,27,0
101243,44,Female,76484.61,6373.72,Employed,Teacher,183544.33,180,15.43,728,35527.82,4,3,Auto,Rented,Divorced,3,17769.57,4326.07,Fair,2,9,0
101244,63,Other,38541.11,3211.76,Employed,Teacher,472046.23,48,18.7,520,49325.73,2,0,Education,Owned,Divorced,0,65060.62,17881.55,Good,3,1,1
101245,69,Other,129024.78,10752.06,Self-Employed,Engineer,85527.69,360,12.07,723,91492.92,3,5,Personal,Owned,Widowed,3,20457.03,25477.09,Good,2,14,0
101246,63,Other,85835.08,7152.92,Employed,Engineer,79032.86,240,7.88,480,87593.15,5,3,Business,Rented,Married,2,7644.48,21239.81,Good,2,20,0
101247,43,Male,179390.9,14949.24,Employed,Business Owner,38409.7,180,12.58,621,61579.42,7,5,Personal,Mortgaged,Single,4,26455.21,32450.49,Good,1,1,0
101248,36,Male,195281.8,16273.48,Employed,Doctor,196852.16,180,8.13,466,645.03,2,2,Home,Rented,Married,4,74811.2,22699.53,Excellent,1,16,0
101249,68,Female,111877.57,9323.13,Self-Employed,Engineer,28046.52,180,13.28,817,67440.39,0,0,Medical,Mortgaged,Single,3,55502.6,9306.68,Excellent,0,18,0
101250,32,Female,214128.6,17844.05,Employed,Teacher,198539.28,24,12.06,702,110832.39,6,4,Home,Owned,Single,3,46034.75,21456.87,Good,1,34,0
101251,41,Other,128367.67,10697.31,Employed,Unemployed,70918.43,180,17.94,621,35285.9,5,5,Personal,Owned,Single,0,67233.57,29419.58,Excellent,3,6,0
101252,24,Male,70538.68,5878.22,Employed,Unemployed,365802.84,360,7.94,548,106253.7,6,5,Business,Mortgaged,Single,5,52814.98,20118.13,Excellent,0,6,1
101253,59,Female,115239.98,9603.33,Self-Employed,Doctor,417014.6,36,7.2,586,2272.92,4,2,Education,Mortgaged,Divorced,0,64891.64,17678.78,Good,0,15,0
101254,52,Male,22648.61,1887.38,Self-Employed,Clerk,344532.08,12,12.27,729,136201.17,7,5,Medical,Rented,Divorced,5,52572.56,21163.89,Fair,2,11,1
101255,25,Male,179820.24,14985.02,Unemployed,Doctor,101846.09,48,4.43,450,142505.88,6,4,Medical,Owned,Widowed,5,69140.63,21922.33,Excellent,3,32,1
101256,31,Male,35794.19,2982.85,Employed,Business Owner,383890.4,36,7.74,756,369.22,7,1,Home,Owned,Married,4,49920.65,12422.29,Fair,3,27,0
101257,48,Male,78293.44,6524.45,Employed,Teacher,126251.1,360,10.04,455,68672.76,7,0,Medical,Owned,Married,4,21189.99,34169.05,Excellent,2,8,0
101258,47,Female,130889.89,10907.49,Employed,Business Owner,380225.32,60,12.52,378,62073.29,4,2,Auto,Mortgaged,Married,0,3289.45,8307.32,Poor,2,11,0
101259,60,Female,23809.9,1984.16,Employed,Doctor,284563.99,120,8.48,706,126282.5,3,0,Personal,Rented,Widowed,5,8425.62,1313.28,Good,1,22,0
101260,34,Female,31259.96,2605.0,Self-Employed,Doctor,184622.83,360,13.87,690,81108.24,5,5,Personal,Rented,Widowed,3,40995.66,29659.69,Good,1,30,0
101261,66,Female,157703.85,13141.99,Employed,Doctor,43579.2,180,19.75,484,91704.82,6,0,Business,Owned,Divorced,2,77741.47,33692.55,Fair,1,7,0
101262,42,Other,29714.3,2476.19,Employed,Doctor,414099.74,180,13.56,657,30375.9,5,0,Medical,Mortgaged,Divorced,4,60756.93,25709.45,Good,0,10,0
101263,61,Other,112801.99,9400.17,Unemployed,Engineer,469947.15,360,8.81,701,11559.7,5,1,Personal,Rented,Widowed,3,62035.41,18757.81,Good,1,21,0
101264,32,Female,84432.6,7036.05,Employed,Doctor,333627.05,120,4.65,734,103849.66,3,2,Business,Owned,Single,2,53102.97,39008.22,Good,0,30,0
101265,22,Female,61756.28,5146.36,Employed,Unemployed,482341.7,36,6.03,824,93101.4,1,0,Auto,Rented,Married,1,72279.05,14830.41,Poor,2,10,1
101266,23,Other,53699.67,4474.97,Employed,Doctor,467187.49,180,13.88,770,124849.31,4,5,Education,Owned,Single,0,58836.75,16235.91,Poor,3,16,0
101267,39,Other,171499.32,14291.61,Unemployed,Doctor,98914.98,48,16.15,542,126702.52,8,1,Medical,Owned,Single,5,20669.07,23644.51,Good,3,23,0
101268,67,Male,210066.15,17505.51,Unemployed,Teacher,366143.75,48,4.42,426,94655.29,7,6,Auto,Owned,Married,3,39958.58,17217.08,Fair,3,14,0
101269,23,Other,43736.85,3644.74,Employed,Driver,175953.8,120,6.93,353,80754.21,7,4,Medical,Rented,Widowed,1,32347.44,22211.94,Excellent,1,26,1
101270,39,Male,211734.65,17644.55,Retired,Clerk,244783.65,48,9.4,616,137101.24,7,0,Auto,Rented,Married,4,13231.27,38662.55,Good,3,18,0
101271,26,Female,136926.31,11410.53,Unemployed,Teacher,80168.78,12,9.42,667,120189.62,9,3,Business,Rented,Widowed,4,17790.17,9499.95,Good,3,30,0
101272,66,Female,146540.38,12211.7,Self-Employed,Clerk,487440.16,360,21.23,680,132363.75,2,1,Business,Rented,Divorced,0,22812.54,5942.52,Good,2,21,0
101273,54,Female,160534.91,13377.91,Unemployed,Engineer,363616.42,84,7.27,305,149376.13,7,7,Auto,Rented,Divorced,1,13891.49,16942.05,Poor,0,32,1
101274,58,Male,159344.37,13278.7,Employed,Unemployed,134920.34,120,4.66,686,60525.87,0,4,Education,Mortgaged,Single,1,17384.67,20159.94,Fair,3,30,0
101275,55,Other,183061.28,15255.11,Self-Employed,Doctor,186992.9,240,10.03,733,107540.2,2,6,Home,Rented,Widowed,0,73311.47,28527.86,Poor,0,8,0
101276,53,Male,114111.07,9509.26,Employed,Business Owner,212396.5,120,5.99,697,103210.17,0,2,Education,Owned,Single,4,27459.14,38206.93,Good,1,31,0
101277,58,Male,124338.51,10361.54,Self-Employed,Driver,374271.79,120,5.84,589,26121.41,4,1,Medical,Mortgaged,Married,0,66201.34,27546.81,Good,2,4,0
101278,21,Other,81384.54,6782.04,Employed,Engineer,462997.24,180,11.04,308,95482.29,1,1,Home,Rented,Widowed,4,5151.2,39487.01,Fair,3,9,0
101279,63,Other,36577.81,3048.15,Self-Employed,Business Owner,162077.19,36,9.17,569,64213.39,3,3,Medical,Rented,Divorced,3,78544.75,9853.55,Excellent,3,1,1
101280,57,Male,151251.24,12604.27,Retired,Doctor,237305.04,240,5.2,655,67595.34,1,6,Personal,Mortgaged,Married,0,61183.34,8355.6,Poor,3,3,0
101281,57,Other,21890.04,1824.17,Employed,Engineer,297417.37,180,14.68,613,27020.7,0,3,Personal,Owned,Married,5,72537.29,12261.39,Excellent,1,25,0
101282,40,Other,71505.19,5958.77,Retired,Doctor,197885.31,24,12.78,616,111710.9,4,7,Auto,Rented,Married,1,42072.91,31484.96,Fair,0,3,0
101283,60,Male,34317.12,2859.76,Employed,Driver,253082.3,24,4.93,584,104691.15,4,2,Medical,Owned,Married,5,50763.03,7460.59,Fair,3,6,1
101284,39,Female,54099.07,4508.26,Employed,Doctor,54642.4,240,19.46,604,79843.52,4,1,Auto,Rented,Single,0,28865.52,7847.6,Excellent,3,14,0
101285,23,Female,145939.84,12161.65,Employed,Teacher,85501.85,240,8.77,478,23507.88,3,3,Business,Rented,Single,3,34562.5,16469.43,Excellent,1,28,0
101286,65,Male,143837.71,11986.48,Self-Employed,Driver,201748.43,360,21.29,633,83529.72,4,0,Home,Rented,Single,1,60059.43,12701.77,Good,2,28,0
101287,32,Male,101316.26,8443.02,Employed,Business Owner,457639.63,24,20.73,455,15020.01,0,5,Medical,Owned,Single,3,3997.49,25859.12,Excellent,3,33,0
101288,25,Male,33485.26,2790.44,Employed,Driver,175980.31,240,11.53,570,50905.8,4,0,Personal,Owned,Married,5,2924.11,35606.68,Poor,0,1,0
101289,51,Male,103841.65,8653.47,Employed,Doctor,126396.82,240,7.73,528,55853.68,8,5,Home,Mortgaged,Single,4,69993.68,5546.42,Excellent,3,5,0
101290,32,Female,87312.7,7276.06,Employed,Engineer,371945.39,180,18.94,693,132513.81,1,3,Business,Mortgaged,Divorced,1,8800.61,21870.2,Good,2,13,0
101291,63,Female,162694.13,13557.84,Employed,Engineer,474666.82,60,10.18,793,62334.31,1,2,Auto,Mortgaged,Divorced,0,57682.4,3536.03,Excellent,2,9,0
101292,42,Male,133700.45,11141.7,Unemployed,Engineer,230643.56,84,6.53,648,89770.48,7,4,Education,Owned,Single,1,15963.42,8859.74,Excellent,0,3,1
101293,21,Male,115770.98,9647.58,Self-Employed,Engineer,6285.27,60,13.7,374,131216.85,5,5,Business,Mortgaged,Widowed,4,29296.71,12364.06,Excellent,2,18,0
101294,67,Male,114831.33,9569.28,Self-Employed,Business Owner,344698.37,12,12.55,667,63863.92,2,7,Medical,Rented,Divorced,3,23483.99,23164.12,Poor,1,16,0
101295,46,Other,213090.86,17757.57,Employed,Engineer,208700.28,84,19.23,478,132555.53,7,2,Auto,Rented,Married,4,39226.84,22195.16,Fair,2,15,0
101296,33,Male,170040.32,14170.03,Retired,Unemployed,337475.48,36,16.99,327,20469.2,3,6,Home,Mortgaged,Single,2,66132.92,25722.65,Poor,2,0,0
101297,54,Other,116880.81,9740.07,Employed,Unemployed,140302.82,36,19.71,405,54726.47,6,6,Education,Owned,Married,3,70042.73,32756.26,Good,3,14,1
101298,46,Female,113240.64,9436.72,Employed,Teacher,3199.26,12,17.09,850,14209.09,5,7,Medical,Owned,Widowed,0,17763.56,7489.2,Excellent,2,16,0
101299,22,Other,20428.22,1702.35,Employed,Business Owner,173559.12,60,15.38,535,84139.44,1,7,Personal,Owned,Single,0,27011.88,29735.3,Excellent,2,7,1
101300,58,Female,208214.4,17351.2,Employed,Driver,352986.59,12,12.75,411,143592.31,7,6,Home,Owned,Single,4,66953.35,26680.84,Good,1,27,0
101301,40,Male,80430.66,6702.56,Employed,Doctor,197770.41,240,21.77,373,98542.78,6,2,Home,Rented,Married,1,7170.8,3188.44,Excellent,1,31,0
101302,55,Female,67467.51,5622.29,Self-Employed,Doctor,111148.72,240,21.24,658,93911.34,2,5,Personal,Mortgaged,Widowed,2,9351.75,13787.81,Excellent,2,32,0
101303,64,Male,219878.83,18323.24,Employed,Unemployed,233075.42,240,19.2,719,41723.79,7,6,Personal,Rented,Married,2,38366.51,1107.97,Good,3,23,0
101304,50,Male,162331.38,13527.62,Employed,Doctor,376669.56,48,17.84,494,139666.01,6,2,Business,Owned,Divorced,3,63211.55,3607.38,Excellent,2,23,0
101305,53,Male,24709.57,2059.13,Employed,Doctor,61477.68,24,14.18,357,70730.22,8,6,Home,Rented,Divorced,5,26878.09,11351.47,Good,2,5,0
101306,33,Male,27686.52,2307.21,Retired,Clerk,346492.51,84,8.31,495,40050.31,8,5,Auto,Owned,Single,4,5554.55,9724.65,Good,1,13,0
101307,32,Male,20227.82,1685.65,Employed,Clerk,334337.32,120,19.7,666,148155.0,3,3,Medical,Owned,Widowed,3,77429.4,36006.95,Fair,2,0,1
101308,41,Male,137921.87,11493.49,Employed,Business Owner,186627.46,12,3.7,362,63468.59,9,6,Home,Rented,Single,5,75112.91,35751.54,Good,2,19,0
101309,62,Other,29670.72,2472.56,Employed,Clerk,485227.42,240,7.71,447,55724.85,0,0,Auto,Rented,Divorced,3,52152.11,23114.7,Fair,2,26,1
101310,46,Female,206344.61,17195.38,Employed,Unemployed,447563.24,60,10.97,301,5244.19,3,5,Education,Mortgaged,Divorced,0,54550.11,29401.42,Good,1,23,0
101311,38,Female,207065.84,17255.49,Employed,Business Owner,159448.42,240,14.34,560,26744.25,6,6,Personal,Mortgaged,Divorced,2,74695.63,39984.05,Excellent,1,0,0
101312,59,Other,126941.08,10578.42,Employed,Engineer,17483.36,12,13.88,393,121378.7,5,0,Personal,Rented,Widowed,5,51509.07,16407.71,Good,1,19,0
101313,62,Male,141410.98,11784.25,Employed,Doctor,155535.79,60,6.75,410,72404.27,2,3,Business,Rented,Divorced,4,63072.99,20897.02,Excellent,1,30,0
101314,65,Female,74838.35,6236.53,Employed,Driver,103951.53,60,5.44,362,143231.21,1,4,Education,Owned,Divorced,2,37081.27,26046.0,Good,1,3,0
101315,35,Other,28114.37,2342.86,Employed,Unemployed,274531.45,12,7.61,702,12582.87,7,1,Education,Owned,Single,1,18240.21,36822.33,Fair,0,18,0
101316,55,Female,166179.39,13848.28,Employed,Clerk,459534.72,180,9.95,569,92391.52,8,7,Home,Owned,Married,5,66602.57,31880.66,Fair,2,8,0
101317,49,Female,35866.13,2988.84,Unemployed,Driver,435428.08,360,3.76,822,107997.62,6,5,Auto,Mortgaged,Married,0,54750.55,2576.87,Excellent,3,32,0
101318,42,Male,32539.32,2711.61,Employed,Teacher,154302.92,84,16.31,517,93177.47,5,2,Auto,Owned,Married,5,23164.97,28518.01,Excellent,0,19,0
101319,40,Male,78800.74,6566.73,Employed,Business Owner,215441.57,48,8.08,422,79481.63,7,3,Home,Mortgaged,Single,4,49862.04,10077.42,Excellent,2,27,0
101320,26,Male,17555.46,1462.96,Employed,Business Owner,20198.02,120,10.0,412,86744.75,2,0,Personal,Owned,Single,4,65318.72,10196.07,Poor,3,18,1
101321,34,Male,103977.3,8664.78,Employed,Business Owner,272993.43,48,9.7,825,103432.44,9,0,Education,Mortgaged,Married,1,21627.62,21889.53,Good,3,31,0
101322,47,Other,160074.59,13339.55,Unemployed,Driver,33557.25,48,12.97,624,129489.53,1,5,Business,Rented,Divorced,3,61452.17,27852.03,Good,3,10,1
101323,64,Female,179276.53,14939.71,Employed,Unemployed,469425.87,180,19.41,479,50451.7,5,7,Auto,Owned,Widowed,1,5787.47,6369.11,Excellent,1,26,0
101324,63,Female,138883.0,11573.58,Employed,Business Owner,433733.05,84,6.26,660,68948.11,3,2,Business,Owned,Widowed,0,49995.91,12580.46,Fair,0,15,0
101325,30,Other,188609.21,15717.43,Employed,Engineer,108665.44,36,9.8,607,95386.44,9,1,Home,Mortgaged,Married,2,79914.69,28644.84,Good,3,20,0
101326,54,Male,98332.95,8194.41,Employed,Driver,350285.6,60,16.3,363,47132.39,2,5,Personal,Owned,Widowed,5,69309.98,6080.08,Excellent,2,24,1
101327,25,Male,188998.28,15749.86,Unemployed,Driver,284874.15,240,4.32,686,26817.43,6,4,Personal,Mortgaged,Married,1,70052.64,33988.34,Good,1,6,0
101328,54,Female,118827.03,9902.25,Employed,Unemployed,401076.14,84,18.85,365,144925.31,1,1,Auto,Rented,Married,0,54428.57,18241.71,Fair,3,30,1
101329,37,Other,60722.41,5060.2,Employed,Teacher,238874.75,12,21.29,409,29209.33,1,5,Auto,Mortgaged,Single,5,36894.97,23439.61,Good,1,25,0
101330,43,Female,208549.86,17379.16,Self-Employed,Driver,97502.44,240,14.74,693,34909.96,4,1,Personal,Owned,Divorced,5,54177.24,3215.94,Poor,2,14,0
101331,56,Other,71369.03,5947.42,Self-Employed,Driver,320642.01,180,21.2,545,92802.92,7,0,Auto,Mortgaged,Married,5,25695.39,38180.05,Poor,3,20,1
101332,41,Male,20371.3,1697.61,Employed,Driver,41979.6,36,11.14,422,11605.25,2,3,Auto,Rented,Married,5,44221.48,36301.29,Good,3,23,1
101333,60,Other,64748.18,5395.68,Employed,Driver,293124.82,360,11.18,337,5107.15,6,5,Education,Owned,Widowed,5,43174.39,7603.15,Poor,2,15,1
101334,47,Male,90170.95,7514.25,Employed,Unemployed,107926.99,360,5.47,627,9602.04,5,4,Medical,Rented,Divorced,5,43498.43,26524.09,Fair,0,22,0
101335,69,Male,87026.69,7252.22,Self-Employed,Clerk,343098.35,360,4.16,684,18489.55,9,5,Education,Rented,Married,5,32959.01,31724.69,Good,3,19,0
101336,52,Female,122556.84,10213.07,Self-Employed,Engineer,414365.49,48,8.02,411,64379.53,3,1,Auto,Owned,Divorced,4,28224.15,4878.7,Fair,1,27,1
101337,35,Male,196041.01,16336.75,Self-Employed,Teacher,56543.32,360,12.35,529,124389.1,2,3,Business,Mortgaged,Divorced,1,26428.36,23098.14,Good,2,8,0
101338,58,Other,74929.34,6244.11,Self-Employed,Unemployed,201333.74,240,12.89,489,51295.78,9,5,Education,Owned,Divorced,2,17978.47,34018.16,Good,2,0,0
101339,40,Other,121757.97,10146.5,Employed,Driver,367293.75,240,7.53,791,64129.71,3,4,Business,Mortgaged,Single,2,35083.78,20268.56,Good,0,14,0
101340,47,Female,84728.49,7060.71,Employed,Engineer,83524.12,84,14.84,735,90037.66,2,1,Education,Rented,Single,3,9419.65,36951.41,Fair,2,28,0
101341,27,Male,183463.48,15288.62,Employed,Business Owner,284128.79,36,6.85,450,45321.66,8,7,Business,Rented,Single,4,72125.88,1912.08,Poor,1,4,0
101342,26,Male,47308.31,3942.36,Unemployed,Teacher,336575.81,36,9.53,582,64880.68,8,0,Education,Owned,Widowed,1,5574.7,36768.43,Good,1,30,1
101343,49,Female,36219.61,3018.3,Employed,Business Owner,178687.22,360,7.12,808,57946.75,0,7,Education,Mortgaged,Married,0,66993.5,39088.72,Good,3,14,0
101344,30,Female,118114.03,9842.84,Employed,Doctor,416327.17,84,16.39,490,51282.53,8,5,Education,Owned,Married,3,19299.87,6237.68,Good,2,7,0
101345,69,Other,152736.96,12728.08,Employed,Clerk,256307.78,360,13.06,377,58258.98,6,0,Education,Owned,Widowed,5,68257.53,17238.01,Poor,1,16,0
101346,62,Female,178082.67,14840.22,Self-Employed,Clerk,314243.43,84,17.12,464,1667.66,2,2,Medical,Rented,Widowed,5,57621.3,24830.6,Good,0,28,0
101347,55,Male,135873.09,11322.76,Self-Employed,Clerk,72154.65,84,4.56,634,132939.1,5,2,Auto,Mortgaged,Single,0,73678.01,35729.53,Excellent,2,30,0
101348,57,Male,173639.2,14469.93,Self-Employed,Doctor,13533.77,12,11.37,846,146602.02,2,7,Personal,Mortgaged,Widowed,3,69618.64,6381.05,Excellent,2,21,0
101349,50,Other,95505.56,7958.8,Employed,Doctor,27272.79,60,21.39,469,129374.43,1,4,Personal,Rented,Divorced,3,56087.0,13361.12,Excellent,0,18,0
101350,23,Male,21737.87,1811.49,Unemployed,Engineer,452152.23,84,4.49,332,861.34,1,2,Business,Rented,Divorced,2,12134.31,31917.19,Excellent,3,28,1
101351,40,Other,38800.36,3233.36,Self-Employed,Engineer,441555.91,24,11.24,400,112632.83,1,7,Auto,Owned,Single,4,43923.63,16400.18,Good,1,31,0
101352,45,Male,22938.13,1911.51,Self-Employed,Business Owner,404180.54,24,4.25,527,85965.03,5,0,Education,Owned,Divorced,2,27186.24,24197.74,Excellent,2,27,1
101353,65,Other,82433.45,6869.45,Self-Employed,Clerk,101406.82,84,6.21,351,14126.24,8,6,Medical,Mortgaged,Divorced,5,70862.05,22400.22,Poor,3,33,1
101354,31,Other,116575.72,9714.64,Unemployed,Unemployed,263678.41,36,12.06,319,139928.87,4,6,Auto,Rented,Married,5,69778.28,38926.87,Good,2,29,1
101355,45,Female,88045.08,7337.09,Unemployed,Unemployed,398466.32,180,6.41,661,116432.57,0,3,Business,Owned,Divorced,3,25123.0,5661.25,Good,3,1,0
101356,37,Male,129922.89,10826.91,Employed,Doctor,337985.25,60,13.1,754,21794.44,4,0,Personal,Mortgaged,Single,2,53735.97,37937.62,Fair,0,0,0
101357,27,Other,113524.88,9460.41,Employed,Engineer,59529.55,60,20.57,428,144606.21,7,7,Business,Rented,Divorced,3,27062.79,22566.03,Good,1,20,1
101358,26,Male,153978.27,12831.52,Employed,Engineer,447979.52,24,7.21,587,18929.81,8,7,Home,Rented,Single,5,54255.24,36166.09,Fair,0,33,0
101359,38,Female,151727.24,12643.94,Self-Employed,Clerk,82019.83,60,5.48,615,68201.98,7,3,Business,Mortgaged,Married,1,49109.68,4717.69,Fair,0,10,0
101360,25,Other,80203.15,6683.6,Employed,Doctor,87554.26,84,18.77,667,23846.36,3,1,Auto,Rented,Married,5,40875.84,25660.12,Good,1,33,0
101361,24,Other,85973.96,7164.5,Employed,Doctor,450702.3,84,12.01,839,22528.62,6,2,Medical,Rented,Single,3,70272.48,33604.4,Good,0,29,0
101362,38,Male,134955.3,11246.28,Employed,Engineer,243339.24,36,19.83,787,145170.86,0,1,Education,Rented,Widowed,0,19684.02,31475.26,Good,1,4,0
101363,30,Other,137268.66,11439.06,Unemployed,Unemployed,187700.13,12,9.16,474,85818.42,4,4,Education,Rented,Widowed,4,63797.33,397.53,Good,0,17,0
101364,48,Male,79513.48,6626.12,Unemployed,Clerk,277721.06,360,15.11,837,38876.24,5,4,Medical,Rented,Married,1,55160.62,18088.22,Good,0,7,0
101365,21,Other,82715.17,6892.93,Retired,Doctor,490735.87,360,20.58,319,116459.91,0,2,Education,Owned,Divorced,3,22501.43,4613.87,Good,3,2,1
101366,35,Female,157279.23,13106.6,Employed,Engineer,61575.97,360,6.68,829,131286.66,0,5,Auto,Owned,Married,5,33734.86,6113.0,Good,2,24,0
101367,43,Male,147719.22,12309.94,Self-Employed,Driver,378960.53,36,18.31,378,137640.59,8,4,Medical,Mortgaged,Single,4,5521.13,28251.51,Good,1,7,0
101368,68,Female,42685.41,3557.12,Self-Employed,Clerk,168494.28,120,15.18,362,139947.75,2,0,Business,Rented,Widowed,4,47806.13,38263.18,Excellent,2,19,1
101369,52,Male,105413.59,8784.47,Employed,Teacher,60290.54,24,18.54,365,135837.27,1,3,Business,Rented,Married,0,71031.28,25363.9,Excellent,1,23,0
101370,64,Other,198004.75,16500.4,Employed,Business Owner,212122.81,360,6.66,367,95839.86,5,6,Home,Rented,Widowed,5,9425.47,4095.08,Good,1,15,0
101371,37,Male,22442.66,1870.22,Retired,Business Owner,275278.93,12,11.53,555,51370.0,2,6,Education,Owned,Single,2,10559.88,9759.86,Excellent,3,2,0
101372,43,Male,190308.61,15859.05,Employed,Engineer,104568.9,60,5.88,652,138835.15,9,6,Education,Rented,Single,0,37965.35,15154.98,Fair,2,2,0
101373,41,Female,48451.52,4037.63,Employed,Unemployed,203824.19,240,21.26,710,18374.48,9,7,Auto,Owned,Married,5,22498.41,5014.3,Poor,3,13,0
101374,64,Other,118985.97,9915.5,Self-Employed,Driver,318566.66,180,4.66,308,25319.97,8,0,Business,Owned,Widowed,1,22154.31,33918.72,Fair,1,1,1
101375,68,Female,101988.97,8499.08,Self-Employed,Unemployed,289071.11,240,4.71,463,65074.13,3,2,Auto,Rented,Married,1,51093.61,7780.21,Good,1,30,0
101376,68,Female,17076.51,1423.04,Employed,Business Owner,362133.98,60,20.12,372,42549.74,8,3,Education,Rented,Widowed,0,32820.51,5182.04,Good,3,5,1
101377,57,Female,202656.37,16888.03,Self-Employed,Clerk,418529.46,12,9.06,380,92359.92,2,4,Personal,Mortgaged,Single,3,67571.8,29027.39,Fair,3,1,1
101378,45,Other,108259.67,9021.64,Employed,Clerk,205751.89,12,14.54,711,135795.29,2,6,Personal,Owned,Widowed,5,34312.49,5073.29,Fair,0,4,0
101379,47,Female,210625.0,17552.08,Self-Employed,Clerk,212637.7,24,8.82,653,73654.7,9,5,Auto,Owned,Married,3,49222.04,16412.78,Poor,1,24,0
101380,69,Other,73782.5,6148.54,Employed,Doctor,249352.68,12,15.5,415,83080.59,6,5,Auto,Rented,Married,5,31831.31,20620.33,Good,3,20,1
101381,34,Other,192586.53,16048.88,Self-Employed,Clerk,284043.98,60,7.06,465,63470.06,0,1,Home,Owned,Divorced,5,20481.88,3209.17,Excellent,1,23,0
101382,37,Other,204089.86,17007.49,Self-Employed,Driver,55944.69,12,11.99,809,106135.37,8,5,Education,Mortgaged,Widowed,5,37706.57,22231.53,Good,2,12,0
101383,64,Other,129150.65,10762.55,Employed,Engineer,157692.41,24,13.37,616,15103.32,1,6,Home,Owned,Widowed,0,57638.43,19206.56,Poor,3,11,0
101384,39,Other,56548.95,4712.41,Employed,Teacher,87602.11,60,9.67,431,7288.48,6,6,Home,Owned,Single,1,76224.73,26736.65,Good,0,23,0
101385,32,Male,155475.72,12956.31,Self-Employed,Unemployed,194154.68,180,8.16,814,96200.77,4,4,Medical,Rented,Divorced,1,3373.35,8765.84,Poor,0,3,0
101386,48,Other,127540.5,10628.38,Employed,Unemployed,486730.33,120,6.09,409,80231.78,0,0,Medical,Rented,Married,3,42546.16,14265.17,Fair,3,13,0
101387,36,Other,208628.58,17385.72,Employed,Driver,292200.02,12,16.56,460,61103.7,7,1,Business,Mortgaged,Divorced,5,50877.28,26386.21,Poor,3,3,0
101388,64,Male,105050.77,8754.23,Employed,Business Owner,215832.0,360,6.61,681,50098.9,6,5,Personal,Mortgaged,Married,1,6857.64,1423.86,Good,3,14,0
101389,65,Other,70045.3,5837.11,Retired,Clerk,283836.57,84,8.9,582,7771.12,8,6,Education,Mortgaged,Widowed,3,66333.68,4631.8,Poor,2,33,1
101390,35,Male,43348.84,3612.4,Employed,Engineer,335200.12,48,9.73,338,102083.42,6,6,Business,Mortgaged,Married,1,22076.16,11342.07,Poor,0,29,0
101391,46,Female,158219.88,13184.99,Employed,Teacher,218606.82,48,11.91,744,63220.13,7,3,Medical,Rented,Married,3,69992.96,4254.25,Fair,3,23,0
101392,69,Other,214692.47,17891.04,Retired,Driver,224959.48,240,16.5,425,66790.21,9,4,Home,Rented,Married,4,44208.56,1580.5,Poor,0,23,0
101393,57,Male,20810.47,1734.21,Employed,Business Owner,351297.76,60,11.42,681,134016.73,9,1,Education,Owned,Divorced,2,12166.31,39495.3,Good,0,13,0
101394,31,Female,166791.3,13899.28,Employed,Clerk,32309.57,36,19.62,484,110632.18,5,4,Home,Owned,Widowed,0,59137.67,18230.4,Fair,2,24,0
101395,49,Other,205020.72,17085.06,Employed,Engineer,270960.12,60,16.08,714,32916.47,0,1,Personal,Rented,Single,2,12578.28,21347.36,Good,1,29,0
101396,51,Female,30330.21,2527.52,Employed,Clerk,274569.25,12,19.01,794,98574.97,3,6,Personal,Mortgaged,Divorced,4,57630.28,10196.2,Fair,3,19,1
101397,53,Other,37584.86,3132.07,Employed,Driver,378862.63,24,16.75,725,19838.3,6,6,Personal,Mortgaged,Single,5,64655.86,307.49,Fair,3,3,1
101398,22,Male,156851.21,13070.93,Self-Employed,Doctor,491357.09,48,6.25,807,29109.58,1,0,Business,Rented,Divorced,3,46042.33,30028.97,Fair,3,24,0
101399,35,Other,147832.49,12319.37,Employed,Clerk,398285.88,36,21.59,597,107122.39,1,7,Education,Mortgaged,Divorced,4,21687.4,28950.12,Good,3,4,1
101400,62,Other,29109.62,2425.8,Self-Employed,Unemployed,252886.73,48,18.05,335,18883.56,3,6,Home,Mortgaged,Widowed,2,34987.02,38901.63,Fair,2,11,1
101401,32,Other,186056.66,15504.72,Employed,Teacher,86387.68,12,14.1,595,42029.09,9,3,Personal,Mortgaged,Single,5,42241.64,844.08,Poor,3,6,0
101402,35,Male,122301.89,10191.82,Employed,Business Owner,294953.96,120,6.56,554,134709.04,3,3,Medical,Owned,Widowed,5,53262.49,5480.83,Good,3,1,1
101403,36,Other,200975.46,16747.95,Employed,Doctor,417480.85,24,6.69,696,110747.32,9,0,Medical,Rented,Divorced,5,50714.04,28485.64,Good,1,26,0
101404,29,Female,194988.13,16249.01,Employed,Clerk,466342.2,36,14.87,437,139418.93,8,7,Education,Rented,Divorced,5,32033.95,13202.95,Poor,1,22,0
101405,28,Female,181564.09,15130.34,Self-Employed,Unemployed,413004.57,360,11.2,684,132275.0,3,0,Auto,Rented,Divorced,3,60653.31,2550.93,Fair,2,14,1
101406,38,Female,120759.27,10063.27,Employed,Engineer,96106.37,12,16.0,543,46886.91,2,7,Business,Mortgaged,Divorced,5,61713.31,12038.33,Good,3,13,0
101407,63,Female,66600.68,5550.06,Employed,Engineer,356862.78,36,10.39,669,94856.62,8,5,Home,Owned,Single,3,55706.5,3508.68,Good,1,22,0
101408,21,Female,118724.98,9893.75,Employed,Business Owner,440317.16,84,12.99,531,56804.35,7,7,Home,Mortgaged,Widowed,3,21772.38,33504.23,Fair,1,18,0
101409,34,Female,35666.33,2972.19,Self-Employed,Clerk,341146.45,48,6.98,510,104565.65,6,2,Personal,Owned,Married,3,37551.7,35077.33,Fair,1,8,0
101410,23,Male,150063.46,12505.29,Employed,Unemployed,343504.52,48,6.37,418,52268.55,9,7,Medical,Rented,Single,1,34620.56,25475.6,Good,3,16,0
101411,48,Other,42465.33,3538.78,Self-Employed,Clerk,251080.82,24,4.9,756,197.61,1,3,Education,Mortgaged,Divorced,5,65343.38,15423.89,Excellent,2,27,0
101412,33,Male,119790.46,9982.54,Employed,Clerk,319214.16,60,18.66,337,14090.73,3,2,Business,Owned,Widowed,2,64654.4,30751.57,Poor,1,19,1
101413,59,Male,26148.3,2179.02,Employed,Teacher,148601.6,180,13.77,430,115651.85,6,2,Business,Mortgaged,Divorced,3,69286.47,25263.61,Poor,2,28,1
101414,49,Female,76400.06,6366.67,Self-Employed,Clerk,46227.42,84,21.02,535,12600.79,0,7,Home,Rented,Single,5,18494.06,31679.28,Good,2,17,0
101415,59,Female,62576.49,5214.71,Employed,Clerk,414202.02,360,17.37,385,89913.4,9,3,Auto,Owned,Widowed,0,59876.37,20436.29,Poor,2,14,1
101416,52,Female,142106.47,11842.21,Employed,Doctor,471685.87,120,17.72,805,128666.78,5,3,Auto,Mortgaged,Widowed,1,69631.94,38333.8,Good,2,25,0
101417,42,Other,176291.28,14690.94,Retired,Doctor,428697.52,180,12.92,490,111165.19,3,5,Medical,Rented,Married,5,13319.26,11601.35,Excellent,0,7,0
101418,63,Male,26747.11,2228.93,Employed,Clerk,168288.95,60,18.59,433,62015.82,2,4,Education,Rented,Divorced,2,3194.96,24167.4,Fair,0,21,0
101419,44,Male,189308.16,15775.68,Employed,Teacher,48578.02,120,20.93,439,31290.63,0,4,Personal,Rented,Widowed,3,8440.68,32322.1,Excellent,3,22,0
101420,67,Female,191457.38,15954.78,Employed,Teacher,141508.92,84,16.85,405,138380.62,5,3,Auto,Mortgaged,Single,3,48496.19,35754.91,Excellent,2,9,1
101421,69,Other,85165.16,7097.1,Employed,Teacher,421732.02,240,5.45,665,84959.95,9,1,Medical,Mortgaged,Married,5,33731.83,37869.93,Poor,3,8,1
101422,49,Female,150095.83,12507.99,Self-Employed,Doctor,328595.62,84,15.54,565,60813.01,0,7,Medical,Mortgaged,Married,3,15604.11,15800.44,Good,3,2,0
101423,54,Female,97535.67,8127.97,Employed,Driver,483413.73,60,5.73,427,141308.65,4,3,Education,Mortgaged,Single,2,42264.29,27973.71,Excellent,1,5,0
101424,33,Female,46609.13,3884.09,Retired,Unemployed,172655.15,12,4.93,781,32252.66,6,7,Auto,Owned,Single,0,62841.8,11607.88,Good,1,3,0
101425,60,Other,123375.8,10281.32,Employed,Business Owner,276633.12,240,16.32,661,66342.28,4,3,Medical,Owned,Divorced,2,68465.41,25975.17,Good,3,21,0
101426,53,Female,32703.73,2725.31,Retired,Engineer,395439.03,60,18.94,522,16296.86,6,4,Personal,Rented,Married,3,60137.68,7369.05,Good,0,4,0
101427,65,Other,195086.79,16257.23,Self-Employed,Doctor,118527.99,180,6.44,582,18732.04,7,4,Business,Mortgaged,Single,4,70840.91,16858.05,Good,3,17,0
101428,34,Other,204479.4,17039.95,Unemployed,Engineer,482116.81,120,4.87,661,59789.44,9,7,Auto,Mortgaged,Married,4,48334.83,36809.48,Good,0,3,0
101429,59,Male,183430.69,15285.89,Employed,Doctor,297014.04,12,19.9,383,104949.05,6,0,Business,Mortgaged,Single,4,66965.89,32436.25,Good,1,27,0
101430,44,Male,130318.26,10859.86,Employed,Business Owner,5932.99,120,5.95,745,50834.09,7,4,Education,Mortgaged,Divorced,2,33374.97,19860.25,Good,1,23,0
101431,30,Other,129307.71,10775.64,Employed,Driver,14526.33,60,4.15,442,103439.7,3,1,Personal,Rented,Married,0,68198.29,5873.81,Poor,2,10,1
101432,29,Male,216844.51,18070.38,Self-Employed,Doctor,441343.58,36,16.84,316,120778.57,1,6,Personal,Mortgaged,Divorced,1,71665.06,15942.86,Good,1,25,1
101433,48,Female,65819.85,5484.99,Employed,Driver,323350.2,36,19.18,587,131636.69,0,4,Education,Mortgaged,Widowed,2,54912.64,5547.16,Poor,3,7,1
101434,36,Male,30569.42,2547.45,Self-Employed,Business Owner,382010.11,120,13.02,782,6707.93,1,7,Home,Mortgaged,Married,5,34483.7,2741.11,Poor,3,22,0
101435,25,Female,130197.89,10849.82,Employed,Driver,392439.97,12,13.49,703,116059.75,8,2,Business,Owned,Widowed,4,22533.91,36260.46,Good,2,22,0
101436,41,Male,82401.05,6866.75,Self-Employed,Clerk,211388.97,120,9.73,469,22071.32,0,1,Medical,Owned,Single,5,26014.36,19657.26,Excellent,3,15,0
101437,52,Female,81079.45,6756.62,Employed,Doctor,399708.4,240,7.91,519,104739.34,4,5,Auto,Owned,Widowed,5,10588.41,3575.55,Good,0,24,0
101438,36,Other,16452.5,1371.04,Retired,Business Owner,468891.16,12,17.47,628,55749.37,6,1,Medical,Owned,Married,0,3772.94,28666.74,Poor,3,33,1
101439,67,Other,137229.08,11435.76,Employed,Clerk,87741.21,12,19.21,428,106168.99,6,2,Education,Owned,Married,0,33153.44,2967.26,Excellent,2,14,0
101440,59,Other,69126.91,5760.58,Employed,Driver,382539.93,12,9.44,751,32073.64,0,2,Personal,Owned,Widowed,3,3413.49,15846.62,Excellent,0,9,0
101441,46,Male,53511.0,4459.25,Self-Employed,Business Owner,155280.42,180,8.57,462,96748.61,8,1,Personal,Rented,Married,1,70447.04,9211.62,Fair,3,15,1
101442,66,Female,23288.55,1940.71,Self-Employed,Engineer,162103.52,240,8.45,419,18827.11,4,1,Auto,Mortgaged,Divorced,5,51996.65,6585.21,Fair,0,19,1
101443,42,Male,89694.12,7474.51,Self-Employed,Business Owner,207551.92,360,4.44,352,25461.83,0,5,Home,Rented,Widowed,2,67493.38,21341.97,Excellent,2,4,0
101444,27,Other,195188.62,16265.72,Retired,Business Owner,432132.32,12,8.7,681,92169.29,1,6,Medical,Mortgaged,Married,0,35553.33,28787.58,Good,2,33,0
101445,22,Other,84017.52,7001.46,Employed,Business Owner,12983.92,60,3.97,313,50515.72,8,3,Personal,Rented,Married,1,17916.24,19487.59,Excellent,0,16,0
101446,66,Male,154210.21,12850.85,Self-Employed,Engineer,218095.25,12,18.09,743,105566.71,9,2,Business,Rented,Married,2,23222.31,32832.1,Poor,1,33,0
101447,68,Female,170092.13,14174.34,Employed,Engineer,340663.73,48,8.23,836,102773.92,7,1,Auto,Rented,Married,0,68378.65,36695.48,Fair,0,33,0
101448,57,Female,82260.67,6855.06,Employed,Business Owner,56986.9,48,16.27,361,93245.1,3,5,Home,Owned,Married,1,9751.46,32287.24,Good,3,2,0
101449,26,Female,183436.35,15286.36,Employed,Business Owner,396542.29,120,13.55,353,109581.08,9,6,Auto,Owned,Single,3,55861.27,38259.67,Poor,3,3,0
101450,35,Female,156835.33,13069.61,Employed,Engineer,471067.49,360,18.99,814,119090.29,2,4,Business,Owned,Widowed,5,18055.22,37161.44,Good,3,6,0
101451,23,Male,129644.66,10803.72,Employed,Business Owner,47285.54,240,21.27,368,136713.49,2,3,Personal,Rented,Divorced,3,28253.59,33300.67,Poor,1,19,0
101452,23,Female,15203.46,1266.96,Self-Employed,Business Owner,78168.17,12,10.29,524,12077.37,7,5,Auto,Mortgaged,Widowed,0,243.74,11705.3,Excellent,1,12,0
101453,33,Female,22193.61,1849.47,Employed,Engineer,487100.42,36,5.13,779,85732.35,3,7,Auto,Rented,Divorced,2,38327.1,6973.28,Excellent,3,0,0
101454,49,Other,218127.5,18177.29,Retired,Teacher,100532.11,36,17.37,376,112316.53,5,7,Auto,Rented,Married,4,10268.23,29080.45,Good,1,19,0
101455,24,Other,175368.2,14614.02,Employed,Teacher,41311.96,36,3.89,665,32541.22,6,1,Medical,Owned,Married,2,68771.79,33821.16,Excellent,1,11,0
101456,69,Other,207200.88,17266.74,Employed,Teacher,476191.88,48,7.62,510,39543.17,1,3,Business,Mortgaged,Widowed,3,7818.23,32924.94,Fair,0,29,0
101457,43,Male,199972.16,16664.35,Employed,Driver,446526.11,120,4.49,540,40044.65,9,7,Medical,Mortgaged,Single,5,20029.48,25744.9,Good,3,26,0
101458,33,Other,19190.81,1599.23,Employed,Engineer,328551.29,180,20.12,813,85849.95,1,5,Home,Owned,Married,0,1183.87,33194.73,Excellent,0,29,0
101459,46,Female,177328.69,14777.39,Employed,Doctor,276612.6,360,3.6,657,54925.59,9,6,Education,Mortgaged,Divorced,2,79430.19,28286.65,Fair,0,19,0
101460,59,Female,107484.88,8957.07,Self-Employed,Doctor,459777.88,180,12.62,476,99914.21,2,7,Education,Owned,Divorced,3,51315.02,26614.63,Good,3,24,1
101461,36,Other,176859.43,14738.29,Employed,Driver,328449.0,36,11.34,815,91535.95,4,0,Education,Rented,Divorced,4,51486.15,1863.06,Good,3,2,0
101462,23,Other,16376.74,1364.73,Employed,Clerk,329881.54,24,15.58,620,98566.77,2,4,Education,Owned,Single,5,41508.87,18418.98,Excellent,3,26,1
101463,23,Male,74080.86,6173.4,Self-Employed,Clerk,422155.41,48,8.86,354,37847.64,5,4,Home,Owned,Single,1,69444.44,1353.84,Poor,3,15,0
101464,62,Female,169021.37,14085.11,Employed,Driver,327316.35,180,19.66,516,115105.71,0,2,Home,Owned,Divorced,2,11535.05,3694.8,Fair,0,0,0
101465,26,Other,177569.26,14797.44,Self-Employed,Driver,252831.09,360,17.09,434,99605.33,1,5,Personal,Rented,Married,4,63428.15,21640.19,Poor,1,2,1
101466,52,Female,142041.49,11836.79,Self-Employed,Teacher,196081.31,48,11.5,653,19597.44,5,0,Education,Rented,Married,5,64569.88,1899.16,Fair,3,10,0
101467,39,Male,76757.52,6396.46,Employed,Driver,252560.68,24,10.12,774,30025.93,6,3,Home,Rented,Widowed,4,2890.27,36528.82,Good,1,13,0
101468,59,Female,78624.33,6552.03,Employed,Clerk,262194.37,12,18.59,321,45144.77,9,3,Education,Rented,Divorced,4,10614.16,18013.64,Excellent,3,7,1
101469,23,Other,213186.61,17765.55,Employed,Engineer,181694.28,12,17.51,730,140406.23,8,3,Medical,Rented,Divorced,1,43771.91,27998.67,Fair,3,26,0
101470,64,Male,105038.5,8753.21,Employed,Doctor,225162.97,120,10.88,804,48952.48,9,4,Education,Mortgaged,Single,2,7215.32,5911.81,Excellent,3,15,0
101471,55,Other,106660.74,8888.4,Employed,Unemployed,401332.22,84,9.82,847,2981.86,7,7,Medical,Owned,Divorced,3,22589.3,33903.81,Poor,3,9,0
101472,43,Other,128228.21,10685.68,Retired,Engineer,209423.66,120,4.22,664,21243.86,7,7,Home,Mortgaged,Widowed,1,32293.85,19122.68,Excellent,3,23,0
101473,31,Other,98947.98,8245.66,Employed,Engineer,14728.76,12,5.01,472,4825.77,3,5,Home,Owned,Divorced,4,12577.4,22351.04,Good,2,15,0
101474,68,Male,128297.67,10691.47,Self-Employed,Unemployed,142943.62,60,4.5,380,60425.89,9,2,Business,Owned,Widowed,3,56331.74,25939.37,Good,0,27,0
101475,35,Male,103628.76,8635.73,Employed,Doctor,117407.45,24,3.95,820,119573.01,9,7,Personal,Rented,Widowed,2,39604.91,21595.93,Good,1,17,0
101476,45,Female,184476.56,15373.05,Employed,Teacher,397203.84,48,6.33,527,67565.37,5,7,Medical,Owned,Widowed,2,51185.32,22527.48,Fair,3,26,0
101477,40,Female,201355.46,16779.62,Employed,Driver,225747.94,120,19.36,489,125849.12,1,6,Education,Owned,Married,4,37943.96,29780.93,Fair,3,29,1
101478,32,Female,206082.6,17173.55,Employed,Business Owner,141594.65,36,18.27,704,7129.4,0,6,Auto,Mortgaged,Married,2,32998.75,32258.85,Fair,0,2,0
101479,41,Other,130680.72,10890.06,Retired,Business Owner,405731.03,120,19.14,694,70458.43,4,6,Business,Owned,Married,1,39391.12,12246.64,Poor,2,4,1
101480,28,Other,105640.45,8803.37,Employed,Business Owner,11569.97,36,15.04,745,118061.31,6,6,Auto,Rented,Widowed,2,71961.18,36881.97,Good,1,25,0
101481,21,Male,159574.21,13297.85,Employed,Doctor,88776.92,84,15.05,786,101208.33,5,5,Auto,Rented,Married,2,31683.11,14155.87,Good,1,19,0
101482,35,Other,186856.34,15571.36,Employed,Engineer,413823.5,60,5.79,783,127923.83,8,5,Home,Mortgaged,Widowed,3,51381.01,10893.02,Poor,2,8,0
101483,26,Male,130411.36,10867.61,Employed,Business Owner,276224.56,48,16.43,394,41075.21,5,5,Personal,Owned,Widowed,5,66717.0,12457.22,Excellent,1,1,0
101484,41,Female,158496.11,13208.01,Unemployed,Business Owner,387277.59,24,8.68,393,75127.62,6,3,Business,Rented,Divorced,2,49687.01,14340.61,Excellent,2,33,1
101485,63,Male,168694.52,14057.88,Unemployed,Engineer,419411.66,84,13.11,413,101531.79,7,7,Home,Mortgaged,Single,1,18085.15,12677.22,Excellent,0,3,0
101486,28,Female,153660.72,12805.06,Unemployed,Driver,471097.82,360,21.16,645,25273.49,8,5,Business,Owned,Divorced,5,9756.77,33750.01,Fair,1,16,0
101487,21,Other,167957.38,13996.45,Employed,Engineer,33585.45,120,19.61,620,122371.01,6,4,Medical,Rented,Single,0,47270.17,22446.11,Fair,3,7,0
101488,26,Female,57772.29,4814.36,Employed,Unemployed,400018.9,180,7.81,772,46720.51,5,5,Personal,Rented,Divorced,5,58191.62,38705.82,Excellent,2,13,0
101489,45,Other,117166.78,9763.9,Self-Employed,Engineer,354965.54,240,17.13,764,13996.1,0,0,Education,Mortgaged,Single,0,61498.97,3358.22,Excellent,3,25,0
101490,34,Male,135595.05,11299.59,Employed,Business Owner,105098.75,12,5.43,748,114855.19,6,7,Home,Mortgaged,Single,2,55504.18,24559.21,Excellent,3,17,0
101491,44,Female,15507.98,1292.33,Self-Employed,Engineer,465987.73,180,3.99,343,105752.7,1,4,Business,Rented,Divorced,5,276.34,3840.97,Good,1,1,0
101492,22,Female,190472.31,15872.69,Employed,Business Owner,203292.54,36,4.02,683,132551.96,3,7,Business,Owned,Married,0,61907.22,18354.0,Excellent,1,3,0
101493,37,Other,140055.02,11671.25,Employed,Doctor,444030.04,120,6.65,768,133811.21,5,0,Medical,Mortgaged,Divorced,0,48369.82,15309.4,Fair,1,33,0
101494,41,Other,41472.95,3456.08,Unemployed,Engineer,303346.62,360,16.36,841,41778.87,0,1,Business,Mortgaged,Married,3,79054.51,27231.0,Poor,2,8,1
101495,42,Female,182353.2,15196.1,Employed,Clerk,264320.48,240,10.22,489,96204.42,6,7,Personal,Mortgaged,Married,1,61166.98,29817.79,Fair,1,14,0
101496,48,Male,161996.68,13499.72,Retired,Driver,81442.92,60,3.79,727,149868.45,2,5,Business,Owned,Single,0,34416.57,9523.75,Poor,1,27,0
101497,59,Female,170451.41,14204.28,Employed,Clerk,457335.16,240,21.78,523,36570.98,5,5,Business,Owned,Married,4,54092.0,7748.59,Poor,0,29,0
101498,43,Male,95368.7,7947.39,Employed,Engineer,279217.63,120,13.37,388,70931.5,3,3,Auto,Owned,Widowed,5,49274.86,16780.42,Fair,1,9,0
101499,62,Female,190111.51,15842.63,Employed,Doctor,5034.02,24,10.79,487,136524.95,3,4,Education,Mortgaged,Widowed,4,26991.48,9679.49,Good,3,7,0
101500,46,Male,99875.65,8322.97,Employed,Teacher,11105.7,36,13.1,438,15461.95,3,4,Auto,Rented,Married,5,42682.33,27064.96,Fair,1,15,0
101501,33,Female,131954.38,10996.2,Employed,Engineer,389261.04,360,13.12,802,139237.48,0,1,Education,Mortgaged,Single,3,16350.48,20707.91,Good,3,11,0
101502,32,Male,15131.67,1260.97,Employed,Clerk,82644.3,360,12.2,396,73223.34,1,4,Medical,Owned,Widowed,3,7026.41,33079.08,Good,1,24,0
101503,36,Male,147198.99,12266.58,Employed,Teacher,300171.74,240,14.84,372,133956.12,7,4,Education,Rented,Divorced,5,58641.96,39250.88,Excellent,1,25,0
101504,50,Male,162226.04,13518.84,Unemployed,Engineer,341178.82,48,19.88,619,93205.71,1,2,Education,Mortgaged,Single,3,30730.3,15124.31,Good,2,9,1
101505,32,Other,131257.42,10938.12,Employed,Driver,141124.07,48,9.08,616,100715.33,4,2,Medical,Rented,Single,0,60457.07,36479.87,Poor,0,13,0
101506,65,Other,116794.56,9732.88,Employed,Doctor,285518.28,240,12.51,609,115947.86,1,6,Home,Owned,Single,1,39066.96,31086.89,Fair,1,25,0
101507,44,Other,181036.98,15086.42,Employed,Unemployed,121648.86,12,3.57,381,10070.41,5,5,Auto,Owned,Widowed,3,64783.15,5964.94,Good,0,17,0
101508,63,Male,154681.41,12890.12,Self-Employed,Clerk,473265.08,240,19.41,574,94165.25,6,3,Education,Rented,Widowed,5,59168.71,33437.13,Good,0,19,0
101509,54,Female,72005.18,6000.43,Employed,Clerk,430364.74,120,9.16,811,138590.59,4,4,Education,Owned,Married,3,61130.48,19260.29,Fair,2,28,0
101510,37,Other,211610.03,17634.17,Employed,Driver,145445.31,120,8.52,349,143418.56,7,1,Education,Owned,Single,2,34346.52,28366.43,Fair,0,22,0
101511,32,Female,159989.77,13332.48,Employed,Engineer,265349.62,60,21.95,739,145248.22,2,3,Personal,Mortgaged,Divorced,1,76894.34,28104.46,Good,0,22,0
101512,57,Male,217527.48,18127.29,Employed,Business Owner,251315.16,360,14.31,369,96874.93,5,4,Education,Owned,Married,4,32420.37,35438.62,Good,2,16,0
101513,37,Male,214108.57,17842.38,Employed,Driver,480091.58,180,5.78,428,94993.03,2,2,Education,Mortgaged,Single,5,63451.5,30446.59,Good,1,29,0
101514,33,Male,203376.49,16948.04,Employed,Business Owner,198226.33,12,8.41,794,82869.76,5,1,Education,Mortgaged,Married,1,39167.1,32984.95,Poor,0,0,0
101515,66,Other,169851.17,14154.26,Retired,Unemployed,281989.32,84,10.03,464,91133.0,0,4,Medical,Owned,Married,3,18806.85,12836.48,Excellent,3,3,0
101516,44,Male,139933.02,11661.08,Employed,Teacher,464495.88,240,21.74,587,91817.69,2,7,Medical,Mortgaged,Single,2,50313.11,38925.5,Poor,3,23,1
101517,23,Other,50294.99,4191.25,Employed,Business Owner,83079.9,12,11.47,510,6361.24,7,3,Auto,Owned,Divorced,1,37528.75,26463.69,Excellent,2,21,0
101518,45,Other,126387.04,10532.25,Employed,Unemployed,276141.83,180,7.76,638,13330.69,7,7,Home,Owned,Married,2,21125.59,30947.67,Poor,2,9,0
101519,43,Other,171902.19,14325.18,Employed,Teacher,54625.11,36,14.04,523,92912.49,2,6,Home,Owned,Divorced,0,30602.53,34355.25,Good,3,21,0
101520,63,Other,121775.72,10147.98,Employed,Unemployed,309514.47,84,10.99,544,47132.46,2,5,Education,Owned,Divorced,3,12794.99,4951.33,Fair,3,3,0
101521,55,Male,192989.02,16082.42,Employed,Engineer,184110.24,240,4.52,750,45213.82,2,7,Business,Mortgaged,Widowed,0,78963.63,13456.43,Fair,0,21,0
101522,30,Other,37479.46,3123.29,Employed,Teacher,483882.76,60,19.43,605,29016.1,2,3,Home,Mortgaged,Widowed,2,51454.7,33437.44,Fair,0,12,0
101523,28,Male,93092.77,7757.73,Self-Employed,Doctor,208873.77,12,3.79,611,120160.5,9,6,Business,Owned,Divorced,5,13883.59,36879.28,Fair,1,20,0
101524,50,Male,118722.71,9893.56,Employed,Doctor,69821.44,12,20.12,743,144649.28,6,1,Education,Mortgaged,Widowed,0,61167.07,30243.74,Excellent,1,11,0
101525,23,Male,103626.69,8635.56,Unemployed,Unemployed,417331.98,180,18.15,535,94163.7,3,2,Medical,Rented,Divorced,1,48150.28,19292.36,Excellent,3,25,0
101526,36,Male,37260.24,3105.02,Employed,Unemployed,410791.61,360,4.9,753,141812.98,4,4,Business,Owned,Single,4,57804.1,10044.89,Excellent,2,3,0
101527,27,Male,46473.3,3872.78,Employed,Doctor,348040.09,36,16.89,696,132582.62,5,0,Education,Owned,Widowed,5,46758.91,21001.1,Fair,3,29,1
101528,22,Male,186711.55,15559.3,Retired,Doctor,374908.28,360,17.76,786,32689.05,5,6,Business,Rented,Widowed,5,4837.38,15892.01,Fair,2,17,0
101529,66,Male,114298.77,9524.9,Self-Employed,Business Owner,133828.18,60,14.64,552,23028.89,3,7,Home,Mortgaged,Married,0,16259.18,35425.23,Excellent,2,8,0
101530,25,Female,24988.1,2082.34,Employed,Driver,321742.64,12,14.19,607,31738.02,9,0,Education,Owned,Married,1,61499.55,22690.6,Fair,3,33,1
101531,21,Male,18380.71,1531.73,Self-Employed,Doctor,20933.9,84,4.42,370,14431.41,2,7,Auto,Mortgaged,Widowed,5,60348.03,15682.65,Good,2,3,1
101532,66,Male,112062.46,9338.54,Employed,Engineer,100051.29,360,4.6,361,87431.88,4,0,Auto,Mortgaged,Married,3,60310.03,19939.2,Good,3,18,0
101533,30,Other,48697.64,4058.14,Employed,Driver,466275.16,36,16.95,359,42397.51,0,1,Education,Owned,Married,5,1217.18,37342.7,Good,1,2,0
101534,61,Male,159550.82,13295.9,Self-Employed,Business Owner,370139.18,360,5.45,648,136937.5,4,6,Business,Owned,Divorced,0,64412.06,24530.34,Fair,1,31,0
101535,22,Male,178041.31,14836.78,Self-Employed,Clerk,116874.93,120,7.97,479,92011.17,8,5,Business,Rented,Married,0,35130.26,9159.18,Excellent,2,5,0
101536,28,Male,61800.83,5150.07,Employed,Clerk,57468.78,48,12.73,459,53941.58,9,7,Medical,Rented,Married,1,55492.92,20003.1,Poor,3,8,0
101537,26,Male,136396.27,11366.36,Employed,Driver,474561.88,120,6.54,632,147696.09,4,3,Auto,Rented,Widowed,0,21766.37,18626.33,Fair,0,22,0
101538,55,Female,46661.15,3888.43,Employed,Teacher,57869.46,60,18.11,519,142979.17,1,4,Personal,Owned,Single,5,61562.29,12416.17,Good,2,30,1
101539,51,Other,77234.44,6436.2,Employed,Business Owner,130020.88,12,18.44,374,116792.29,7,1,Business,Rented,Single,4,78582.54,29451.98,Excellent,0,14,0
101540,44,Other,197203.08,16433.59,Retired,Engineer,92951.73,240,19.08,607,118752.55,6,5,Medical,Mortgaged,Married,2,20283.1,10731.48,Fair,3,9,0
101541,32,Female,126540.11,10545.01,Employed,Business Owner,5716.98,48,4.42,603,146590.52,9,7,Medical,Mortgaged,Single,0,62735.81,19701.96,Poor,2,12,1
101542,25,Male,196607.18,16383.93,Employed,Engineer,158439.12,84,11.42,376,90068.43,5,4,Personal,Rented,Married,0,48396.04,17641.87,Good,0,32,1
101543,48,Other,61175.8,5097.98,Employed,Doctor,487141.08,180,19.17,448,132002.98,0,7,Education,Mortgaged,Single,1,21847.67,18674.51,Excellent,0,31,0
101544,32,Male,82654.99,6887.92,Employed,Unemployed,172267.85,12,10.22,430,9724.16,9,3,Business,Owned,Divorced,4,23548.56,22671.02,Good,2,4,0
101545,49,Female,111545.19,9295.43,Employed,Clerk,253143.83,180,16.37,683,83109.38,6,7,Business,Owned,Divorced,4,58531.01,27331.89,Good,0,31,0
101546,54,Female,113416.42,9451.37,Retired,Unemployed,373476.02,48,14.4,437,75377.45,8,4,Personal,Rented,Married,3,22747.68,5719.99,Good,0,29,0
101547,62,Other,219517.83,18293.15,Employed,Unemployed,276437.89,84,9.92,315,5658.58,1,1,Auto,Mortgaged,Divorced,5,3823.49,11533.0,Fair,0,18,0
101548,45,Male,38461.29,3205.11,Self-Employed,Engineer,372308.57,60,8.61,446,13042.8,4,2,Medical,Mortgaged,Single,5,69916.82,30913.47,Good,0,8,0
101549,21,Female,189652.83,15804.4,Employed,Clerk,331494.66,180,15.58,558,3275.84,4,3,Personal,Mortgaged,Single,4,47115.94,36309.81,Fair,1,16,0
101550,34,Female,192054.82,16004.57,Employed,Clerk,305064.39,24,5.97,723,44102.25,2,0,Home,Owned,Married,0,60677.89,1786.28,Good,2,27,0
101551,62,Female,128405.72,10700.48,Employed,Business Owner,325525.16,24,19.41,328,8026.68,8,7,Auto,Mortgaged,Single,5,48257.9,2934.62,Good,3,9,1
101552,47,Other,85527.62,7127.3,Employed,Driver,399983.85,60,14.16,785,63473.95,1,1,Auto,Rented,Widowed,5,41316.59,37353.19,Poor,2,12,0
101553,51,Other,121441.35,10120.11,Employed,Business Owner,355675.31,24,5.56,482,121911.96,0,5,Business,Owned,Married,3,61598.59,5917.64,Good,3,16,0
101554,43,Female,74955.88,6246.32,Self-Employed,Engineer,396303.91,36,16.52,488,92074.47,2,7,Auto,Rented,Married,3,2572.51,39171.57,Excellent,3,2,1
101555,28,Female,178817.03,14901.42,Unemployed,Clerk,74507.62,120,11.48,308,101068.49,9,3,Auto,Owned,Married,4,24950.92,33128.89,Good,0,14,0
101556,64,Other,117147.23,9762.27,Employed,Teacher,339481.52,240,7.28,452,4726.0,1,4,Auto,Owned,Married,3,50197.5,4828.18,Good,2,4,0
101557,58,Female,204797.65,17066.47,Employed,Business Owner,369036.91,120,21.28,558,125928.95,5,4,Home,Owned,Single,2,75517.98,4101.0,Fair,0,0,0
101558,69,Male,142651.73,11887.64,Self-Employed,Clerk,151383.28,48,16.81,644,21928.56,1,6,Education,Mortgaged,Widowed,4,31492.06,39091.88,Poor,3,13,1
101559,62,Female,120435.46,10036.29,Employed,Driver,437539.51,240,14.47,722,45397.63,3,0,Auto,Owned,Single,4,78023.27,10192.91,Fair,3,26,0
101560,35,Male,160769.22,13397.44,Unemployed,Teacher,153746.38,60,19.2,588,77519.08,5,2,Business,Mortgaged,Married,0,60422.55,21546.69,Poor,0,34,0
101561,33,Male,118306.26,9858.86,Employed,Business Owner,123428.4,24,13.56,355,139499.01,0,4,Auto,Mortgaged,Widowed,4,38791.72,9449.43,Excellent,0,15,0
101562,33,Female,200423.8,16701.98,Employed,Engineer,433814.21,180,11.67,515,149722.38,2,0,Auto,Mortgaged,Married,1,34332.67,24026.98,Excellent,1,26,0
101563,66,Other,52811.42,4400.95,Employed,Business Owner,125015.88,84,7.0,705,117399.1,5,6,Medical,Rented,Divorced,3,10355.4,33601.14,Excellent,2,7,0
101564,48,Other,214536.48,17878.04,Retired,Doctor,208920.23,48,6.34,652,109397.13,0,5,Personal,Mortgaged,Single,0,49215.53,26276.37,Fair,2,22,0
101565,43,Male,181499.06,15124.92,Employed,Doctor,185225.57,120,11.49,621,79152.35,4,0,Auto,Owned,Married,5,4188.29,1864.67,Excellent,0,23,0
101566,68,Female,191450.34,15954.2,Self-Employed,Business Owner,449234.79,180,11.94,580,99844.1,6,0,Home,Rented,Widowed,4,34325.95,23807.57,Excellent,2,11,0
101567,50,Male,113996.11,9499.68,Employed,Engineer,228707.4,36,17.07,578,21663.63,2,1,Medical,Owned,Married,2,19016.7,26440.67,Poor,2,15,0
101568,65,Other,186626.32,15552.19,Employed,Doctor,347765.85,24,11.68,847,40379.42,1,5,Personal,Rented,Married,3,76502.89,8035.92,Good,3,23,0
101569,69,Male,77888.69,6490.72,Unemployed,Doctor,397431.37,84,14.47,630,147696.43,4,4,Education,Owned,Single,3,29061.12,30484.72,Excellent,1,10,1
101570,24,Other,171199.38,14266.62,Employed,Engineer,314695.98,12,18.9,629,146942.25,7,3,Personal,Rented,Divorced,0,39140.3,25075.73,Good,0,21,0
101571,38,Other,43792.28,3649.36,Employed,Clerk,471959.86,120,21.88,485,48445.86,0,4,Auto,Owned,Married,3,30039.45,381.89,Excellent,2,8,0
101572,56,Other,77945.64,6495.47,Employed,Engineer,401648.75,60,9.47,570,36157.29,3,3,Education,Mortgaged,Widowed,4,10976.78,38022.2,Excellent,2,18,0
101573,60,Male,106375.2,8864.6,Unemployed,Clerk,201302.9,36,20.19,691,34427.71,9,2,Education,Rented,Married,1,28206.56,17823.18,Good,2,2,0
101574,28,Other,81075.54,6756.29,Employed,Doctor,475504.3,84,18.41,772,72729.66,3,0,Personal,Mortgaged,Widowed,2,62319.91,9295.16,Good,2,15,0
101575,36,Other,94338.51,7861.54,Employed,Driver,263238.27,48,4.76,729,33564.99,3,0,Auto,Owned,Widowed,1,49695.65,3447.91,Fair,0,17,0
101576,47,Female,183121.47,15260.12,Retired,Doctor,13243.51,48,9.68,664,97274.49,7,5,Education,Owned,Widowed,0,34993.2,14977.16,Good,0,28,0
101577,60,Other,67618.56,5634.88,Self-Employed,Driver,131486.61,36,7.55,728,11222.97,4,5,Medical,Rented,Divorced,5,65645.65,12310.76,Fair,1,13,0
101578,26,Other,167782.64,13981.89,Unemployed,Teacher,311621.33,120,15.79,318,15551.58,3,1,Auto,Mortgaged,Divorced,3,331.9,11918.13,Fair,3,0,1
101579,50,Male,30110.97,2509.25,Self-Employed,Driver,80093.82,360,13.77,448,41540.14,7,1,Home,Rented,Married,2,66128.06,31728.05,Fair,2,1,1
101580,35,Other,171976.52,14331.38,Self-Employed,Business Owner,292865.89,120,12.65,433,116616.49,0,3,Personal,Owned,Single,2,4762.85,25836.85,Poor,2,18,1
101581,31,Other,177364.76,14780.4,Employed,Business Owner,182075.82,36,17.63,660,48493.43,7,5,Medical,Mortgaged,Single,4,69621.75,5322.12,Good,3,28,0
101582,46,Male,97348.25,8112.35,Employed,Driver,268123.97,240,9.67,715,70622.52,3,4,Education,Mortgaged,Married,0,75805.76,28322.96,Excellent,1,31,0
101583,41,Male,163107.95,13592.33,Self-Employed,Business Owner,2933.67,24,10.58,381,98493.31,8,4,Home,Rented,Divorced,3,65533.56,28939.28,Excellent,1,28,0
101584,52,Other,202603.37,16883.61,Self-Employed,Engineer,424513.83,36,19.51,406,118280.99,7,0,Business,Rented,Single,1,1567.5,20570.75,Excellent,2,11,0
101585,36,Male,179146.16,14928.85,Retired,Driver,182238.89,12,21.49,572,46066.35,9,3,Auto,Mortgaged,Widowed,5,42096.64,39830.68,Fair,0,17,0
101586,61,Female,95041.53,7920.13,Employed,Doctor,71798.9,240,17.86,833,109645.41,1,6,Business,Owned,Widowed,4,66303.7,11339.17,Good,1,31,0
101587,24,Other,114263.77,9521.98,Employed,Doctor,220082.1,12,7.52,301,42910.11,1,4,Home,Rented,Single,4,43601.31,2338.23,Excellent,2,29,1
101588,63,Female,174768.3,14564.02,Employed,Teacher,244116.29,84,5.58,784,96669.93,9,6,Personal,Owned,Single,0,28794.94,1152.25,Excellent,1,15,0
101589,22,Other,74981.89,6248.49,Employed,Doctor,319426.55,24,7.37,406,67632.02,3,5,Personal,Owned,Widowed,0,37655.63,12821.92,Poor,0,16,0
101590,57,Male,179795.96,14983.0,Employed,Teacher,263232.1,36,11.32,447,138994.17,8,7,Business,Rented,Single,2,6455.51,19916.72,Good,1,2,0
101591,37,Male,82254.58,6854.55,Self-Employed,Clerk,23674.74,120,7.88,648,147314.01,6,4,Business,Rented,Single,2,39705.09,3129.24,Excellent,3,5,0
101592,39,Other,180228.07,15019.01,Employed,Clerk,436013.14,240,20.17,701,116118.47,4,4,Auto,Rented,Single,4,2227.75,22631.94,Poor,1,18,0
101593,21,Female,32794.09,2732.84,Employed,Driver,229341.45,12,15.91,781,137319.65,0,4,Medical,Owned,Divorced,4,51529.24,36034.82,Fair,3,18,1
101594,55,Male,24101.45,2008.45,Employed,Unemployed,40339.91,24,11.21,303,20475.64,0,2,Auto,Rented,Single,2,31236.18,31874.51,Good,2,20,0
101595,29,Male,219523.47,18293.62,Employed,Teacher,386868.46,36,8.57,327,98169.59,7,3,Education,Mortgaged,Single,0,15307.44,26898.74,Good,0,10,0
101596,53,Female,193238.71,16103.23,Unemployed,Engineer,330756.9,360,10.54,563,29755.19,0,1,Medical,Owned,Married,1,1390.63,26469.27,Fair,3,7,1
101597,56,Female,195983.74,16331.98,Employed,Clerk,325420.01,12,12.31,607,41545.28,0,3,Home,Rented,Divorced,3,73769.52,29212.02,Good,2,15,0
101598,62,Male,210012.39,17501.03,Employed,Unemployed,214603.17,24,16.71,443,78423.49,2,1,Home,Rented,Widowed,1,44505.52,19768.26,Poor,2,30,0
101599,55,Female,104854.84,8737.9,Employed,Teacher,206427.54,60,5.15,650,111298.09,9,3,Personal,Mortgaged,Single,1,51756.27,16071.99,Fair,2,33,1
101600,35,Female,73801.29,6150.11,Employed,Clerk,269096.64,48,19.2,446,108224.11,6,7,Education,Owned,Married,1,62348.62,12266.22,Good,0,1,0
101601,57,Female,41655.12,3471.26,Employed,Business Owner,27196.02,12,5.86,813,130418.9,7,3,Business,Owned,Divorced,0,50127.23,3984.73,Fair,1,12,0
101602,61,Male,117747.87,9812.32,Unemployed,Business Owner,150880.97,84,8.36,397,83891.23,6,5,Business,Mortgaged,Married,3,33048.32,22486.5,Poor,3,18,1
101603,36,Female,60109.91,5009.16,Unemployed,Doctor,493971.3,120,21.88,660,138951.4,5,3,Personal,Owned,Divorced,5,50207.06,18900.72,Excellent,2,7,0
101604,27,Other,206787.93,17232.33,Employed,Business Owner,331771.86,24,7.02,592,133183.29,2,7,Business,Owned,Single,5,20201.33,4756.12,Excellent,1,12,0
101605,64,Male,15820.65,1318.39,Employed,Clerk,210629.21,120,5.37,356,127358.62,4,1,Education,Owned,Divorced,5,44908.13,10730.79,Fair,1,4,1
101606,28,Male,44355.33,3696.28,Employed,Driver,112736.83,12,15.31,633,34428.02,5,6,Business,Rented,Widowed,3,16446.98,31488.12,Excellent,2,16,0
101607,50,Other,65527.55,5460.63,Employed,Business Owner,373114.26,180,10.77,380,79717.2,9,5,Personal,Mortgaged,Divorced,4,73393.82,10224.16,Fair,1,30,1
101608,32,Female,55786.13,4648.84,Employed,Engineer,131624.57,36,5.2,597,110435.49,8,7,Education,Mortgaged,Divorced,0,40765.41,17028.77,Good,1,32,1
101609,27,Other,61284.58,5107.05,Self-Employed,Unemployed,82860.31,36,3.57,650,146415.38,7,1,Auto,Mortgaged,Single,1,18707.22,6452.31,Good,2,0,0
101610,59,Female,149489.76,12457.48,Employed,Teacher,78948.42,24,4.96,339,1747.09,8,7,Education,Owned,Widowed,4,51170.6,6793.86,Excellent,1,22,0
101611,28,Other,82139.98,6845.0,Self-Employed,Driver,365173.11,240,13.17,418,49067.18,8,7,Medical,Mortgaged,Divorced,5,7225.57,30253.83,Fair,2,31,1
101612,53,Female,141080.0,11756.67,Employed,Driver,322119.51,84,7.77,462,51352.54,6,2,Home,Rented,Divorced,5,34721.52,2666.97,Excellent,2,26,0
101613,54,Male,197502.88,16458.57,Self-Employed,Clerk,36763.44,120,17.88,811,43280.19,8,4,Auto,Rented,Single,3,69277.17,11401.05,Excellent,2,2,0
101614,23,Other,138524.14,11543.68,Employed,Engineer,59291.32,36,19.36,421,122613.64,0,4,Medical,Owned,Divorced,0,61428.68,39233.78,Good,2,13,0
101615,29,Female,157379.22,13114.94,Employed,Unemployed,317655.74,12,6.18,807,6760.72,0,0,Personal,Owned,Divorced,5,56275.16,19035.72,Excellent,1,26,0
101616,59,Male,89928.18,7494.02,Employed,Doctor,286415.82,12,9.73,594,53915.21,4,4,Home,Rented,Divorced,1,37648.27,24248.53,Good,2,34,0
101617,45,Female,47746.39,3978.87,Self-Employed,Business Owner,343627.53,60,6.21,822,106752.69,0,5,Auto,Rented,Single,0,35750.33,25631.58,Poor,2,10,0
101618,26,Female,80719.73,6726.64,Employed,Driver,90663.38,48,8.8,758,61010.96,3,1,Personal,Rented,Single,4,904.77,7845.55,Fair,1,9,0
101619,69,Male,212677.94,17723.16,Employed,Driver,363840.78,180,7.93,461,21609.54,1,2,Personal,Mortgaged,Married,1,48003.04,14773.68,Good,1,8,0
101620,33,Other,142471.33,11872.61,Employed,Driver,468176.04,180,18.06,608,91627.87,9,4,Personal,Mortgaged,Divorced,1,46160.67,16028.27,Good,2,31,0
101621,21,Male,71889.78,5990.82,Employed,Teacher,301323.06,48,9.89,695,78391.54,6,7,Medical,Rented,Married,4,422.32,9227.33,Poor,2,6,1
101622,66,Male,107437.63,8953.14,Employed,Doctor,99672.75,60,12.67,343,147275.83,0,0,Business,Rented,Divorced,5,10963.48,9359.35,Poor,1,12,1
101623,21,Female,186280.17,15523.35,Employed,Business Owner,340412.84,48,15.97,665,112278.93,6,7,Medical,Rented,Widowed,5,994.89,24314.77,Fair,1,4,0
101624,48,Other,152030.93,12669.24,Employed,Engineer,172854.68,120,18.71,553,147926.4,7,6,Business,Owned,Widowed,0,20254.32,4339.02,Excellent,3,32,0
101625,69,Other,129933.83,10827.82,Employed,Business Owner,26545.3,120,9.07,319,27952.9,3,6,Education,Rented,Divorced,1,308.25,5165.82,Excellent,2,2,0
101626,49,Other,196458.39,16371.53,Self-Employed,Engineer,152564.67,120,7.37,777,114239.25,8,0,Business,Owned,Divorced,4,33389.54,22932.08,Excellent,2,17,0
101627,49,Male,152850.11,12737.51,Self-Employed,Engineer,452981.38,12,21.6,446,82745.73,9,4,Education,Owned,Single,1,38111.45,17973.52,Excellent,1,5,1
101628,40,Other,146759.59,12229.97,Employed,Driver,206747.38,48,9.42,781,106876.42,9,2,Business,Mortgaged,Single,0,34966.53,24477.34,Excellent,3,14,0
101629,27,Other,53902.47,4491.87,Employed,Clerk,432603.34,360,15.91,413,70132.72,0,7,Medical,Mortgaged,Divorced,3,15951.14,1078.38,Poor,1,20,1
101630,49,Female,36809.68,3067.47,Employed,Business Owner,255312.35,48,16.04,598,31858.62,4,5,Medical,Mortgaged,Widowed,3,41884.74,28196.63,Excellent,3,24,1
101631,64,Female,212854.13,17737.84,Employed,Teacher,259455.04,24,13.01,504,6860.5,7,5,Business,Rented,Single,5,65127.57,33995.59,Excellent,0,19,0
101632,25,Male,137765.97,11480.5,Employed,Driver,4597.73,24,7.73,792,125743.24,4,0,Home,Rented,Divorced,2,23297.22,20965.61,Poor,0,14,0
101633,64,Other,100215.1,8351.26,Employed,Doctor,319277.83,12,6.12,825,122221.25,4,7,Business,Rented,Married,4,25006.03,33633.61,Poor,2,9,0
101634,41,Other,135749.27,11312.44,Employed,Doctor,55691.29,180,12.51,724,24380.96,3,3,Auto,Owned,Single,3,43426.07,15986.51,Excellent,3,28,0
101635,47,Female,27671.45,2305.95,Self-Employed,Teacher,240416.71,12,12.95,765,96777.13,4,1,Auto,Owned,Married,5,18700.35,3156.97,Excellent,0,23,0
101636,29,Female,183536.09,15294.67,Employed,Engineer,131637.79,84,17.81,723,110660.06,6,6,Medical,Owned,Married,2,27022.91,15101.77,Fair,2,23,0
101637,51,Female,59412.33,4951.03,Self-Employed,Engineer,197406.72,48,16.63,461,83643.75,0,7,Education,Mortgaged,Widowed,4,36194.98,17854.74,Poor,1,26,1
101638,29,Male,179931.93,14994.33,Employed,Engineer,269464.52,12,20.37,807,47584.34,7,3,Personal,Rented,Widowed,5,30904.19,34621.51,Good,0,7,0
101639,34,Female,124547.58,10378.96,Employed,Unemployed,9203.13,240,21.46,592,132141.89,7,5,Education,Rented,Widowed,5,65458.58,13388.66,Good,1,34,0
101640,56,Other,71697.26,5974.77,Employed,Business Owner,143722.62,180,16.97,489,96366.1,1,4,Business,Owned,Single,2,67919.48,12604.03,Fair,2,32,0
101641,23,Other,21193.04,1766.09,Self-Employed,Doctor,494826.74,240,4.92,405,108032.63,7,2,Business,Owned,Widowed,3,32230.28,35520.7,Fair,2,15,1
101642,42,Other,182245.84,15187.15,Self-Employed,Unemployed,30584.76,360,10.99,691,97817.18,5,5,Medical,Mortgaged,Divorced,3,35822.92,10038.64,Excellent,3,7,0
101643,50,Female,51174.33,4264.53,Employed,Unemployed,161057.96,360,14.76,452,108193.3,3,7,Auto,Mortgaged,Single,0,76551.53,25697.86,Good,3,13,1
101644,27,Other,25620.05,2135.0,Employed,Business Owner,162067.89,180,14.42,659,21760.07,4,7,Business,Owned,Divorced,1,40247.0,13065.35,Poor,0,13,0
101645,35,Female,169954.93,14162.91,Employed,Clerk,190934.19,84,6.86,335,138389.16,5,5,Education,Rented,Single,4,79442.56,38058.24,Fair,3,34,1
101646,37,Female,86758.86,7229.9,Employed,Clerk,343020.9,120,14.28,649,42871.62,2,2,Education,Owned,Married,0,61024.22,7585.0,Excellent,0,10,0
101647,53,Female,94813.47,7901.12,Employed,Engineer,125376.41,60,9.97,654,125482.68,6,7,Medical,Mortgaged,Widowed,3,21138.58,28957.53,Fair,3,32,0
101648,68,Other,65648.86,5470.74,Employed,Driver,231214.13,24,9.77,589,134007.63,6,7,Home,Rented,Widowed,2,18327.41,22002.56,Fair,3,8,0
101649,61,Other,191131.59,15927.63,Employed,Doctor,323142.06,48,18.93,661,97683.54,3,0,Business,Owned,Married,2,12725.16,39148.31,Excellent,3,32,0
101650,30,Male,75952.55,6329.38,Unemployed,Business Owner,162516.39,60,11.31,847,89745.11,4,2,Education,Rented,Single,5,64491.66,39762.26,Good,0,32,0
101651,21,Male,58089.48,4840.79,Employed,Clerk,474488.75,12,13.26,762,16357.23,6,4,Medical,Mortgaged,Divorced,1,24548.96,31747.92,Good,0,21,0
101652,23,Female,78396.19,6533.02,Employed,Driver,489876.97,240,13.91,542,65433.18,5,4,Auto,Rented,Single,4,54063.4,4138.24,Poor,3,3,1
101653,50,Female,56645.66,4720.47,Employed,Engineer,61597.44,360,13.92,780,91746.66,4,5,Auto,Mortgaged,Widowed,4,43210.89,18760.28,Excellent,1,21,0
101654,28,Other,80119.32,6676.61,Employed,Doctor,173222.3,60,7.44,825,12280.39,9,4,Home,Rented,Married,5,66079.78,34180.52,Fair,1,31,0
101655,32,Female,32001.93,2666.83,Employed,Unemployed,105570.09,60,14.59,388,16719.3,8,0,Education,Mortgaged,Single,4,60065.39,25539.33,Good,1,32,0
101656,62,Female,47498.66,3958.22,Unemployed,Driver,95021.22,240,9.69,497,149022.19,3,1,Home,Owned,Single,3,5099.91,35158.78,Poor,0,16,0
101657,63,Other,100495.84,8374.65,Self-Employed,Doctor,246507.96,60,15.62,709,49835.12,7,6,Business,Rented,Married,2,27074.21,31974.65,Poor,0,16,0
101658,62,Female,195290.71,16274.23,Employed,Engineer,282785.9,120,6.2,583,52459.87,8,5,Auto,Rented,Divorced,4,41607.9,12518.42,Poor,0,13,0
101659,33,Female,26744.6,2228.72,Self-Employed,Driver,213974.72,84,21.89,374,37729.37,1,5,Education,Mortgaged,Widowed,5,64291.11,7802.62,Poor,3,7,1
101660,51,Female,58598.31,4883.19,Employed,Driver,137732.33,36,17.78,560,96902.97,5,3,Business,Rented,Divorced,1,57122.2,12902.56,Good,0,22,0
101661,50,Female,201210.86,16767.57,Employed,Clerk,140753.54,180,11.22,505,70961.38,7,2,Personal,Rented,Divorced,2,43952.32,27837.8,Excellent,3,34,0
101662,30,Other,197453.01,16454.42,Employed,Doctor,496079.82,24,9.08,707,118564.64,0,2,Home,Mortgaged,Married,2,64670.03,19242.6,Good,0,9,0
101663,48,Other,154287.42,12857.29,Employed,Doctor,461991.33,36,10.67,584,76874.22,3,5,Home,Rented,Widowed,0,34794.28,1753.93,Fair,2,29,1
101664,46,Female,64297.08,5358.09,Employed,Engineer,39797.62,120,16.84,377,2312.4,7,4,Auto,Mortgaged,Widowed,1,4452.77,29699.08,Good,1,3,0
101665,40,Female,101061.17,8421.76,Self-Employed,Teacher,328962.22,180,15.63,327,72403.11,9,1,Business,Rented,Divorced,0,69642.86,1787.87,Good,3,1,1
101666,57,Female,58300.3,4858.36,Employed,Driver,229525.05,360,16.49,458,8278.09,9,3,Medical,Mortgaged,Widowed,4,42127.47,16372.17,Excellent,0,31,0
101667,54,Male,41360.64,3446.72,Unemployed,Unemployed,345029.42,180,19.95,386,124017.96,6,6,Home,Mortgaged,Married,2,64672.25,18491.37,Fair,2,3,1
101668,47,Female,92899.67,7741.64,Self-Employed,Teacher,299286.43,12,11.94,782,17048.71,0,4,Home,Owned,Married,3,31366.54,20121.07,Excellent,3,14,0
101669,56,Male,133043.43,11086.95,Self-Employed,Business Owner,444847.7,240,15.89,449,32543.1,0,6,Business,Owned,Widowed,0,47084.18,5563.64,Good,1,30,0
101670,58,Male,88786.2,7398.85,Employed,Unemployed,35360.18,60,11.67,649,68994.79,8,4,Medical,Mortgaged,Married,3,26487.44,29911.61,Good,1,12,0
101671,48,Male,140219.03,11684.92,Unemployed,Teacher,176099.76,12,15.3,370,29277.61,7,3,Personal,Rented,Widowed,4,32766.0,33974.89,Good,0,10,0
101672,34,Female,75732.22,6311.02,Employed,Teacher,492776.07,84,12.28,543,80882.99,1,7,Business,Owned,Widowed,4,11791.86,27916.02,Poor,3,1,0
101673,58,Male,85899.36,7158.28,Employed,Engineer,92778.1,24,17.87,814,69104.76,1,4,Home,Owned,Widowed,4,59328.29,38042.83,Fair,3,24,0
101674,56,Female,177088.09,14757.34,Employed,Teacher,65412.05,60,3.6,654,142878.39,1,1,Business,Owned,Married,0,22422.74,10300.03,Fair,1,11,0
101675,69,Female,195054.52,16254.54,Unemployed,Doctor,365028.06,60,7.49,458,13256.03,8,3,Education,Mortgaged,Married,3,24138.49,6429.2,Good,2,4,0
101676,28,Female,81016.99,6751.42,Employed,Business Owner,389162.71,12,8.98,711,86509.81,7,5,Education,Mortgaged,Married,2,28335.12,2691.81,Excellent,3,16,0
101677,41,Other,132160.74,11013.39,Employed,Unemployed,336792.23,240,20.99,576,108059.94,9,2,Education,Owned,Divorced,5,34570.09,28860.79,Fair,1,5,0
101678,66,Female,72023.27,6001.94,Self-Employed,Unemployed,388545.52,84,12.88,429,19144.05,1,3,Business,Rented,Divorced,4,46093.11,6484.29,Excellent,0,29,0
101679,46,Other,25933.6,2161.13,Employed,Unemployed,347473.34,360,10.24,849,95469.32,6,6,Personal,Mortgaged,Married,5,54624.53,37527.26,Fair,0,26,0
101680,67,Other,166260.72,13855.06,Unemployed,Driver,69613.8,60,10.98,816,129635.86,9,3,Auto,Owned,Single,0,54055.16,23934.02,Poor,3,34,0
101681,21,Male,50055.71,4171.31,Employed,Doctor,304894.5,84,11.86,612,118133.35,5,2,Home,Rented,Married,2,33894.47,32165.43,Excellent,3,34,1
101682,22,Male,102271.07,8522.59,Employed,Clerk,388884.59,240,19.55,318,140275.6,7,0,Home,Rented,Widowed,4,38551.25,17387.94,Fair,0,29,0
101683,60,Female,114844.33,9570.36,Employed,Unemployed,433027.27,36,21.3,526,108087.85,6,3,Education,Mortgaged,Widowed,0,11225.64,29393.83,Good,3,17,0
101684,38,Other,52816.67,4401.39,Employed,Engineer,124625.15,360,19.12,583,59098.02,0,6,Business,Rented,Single,3,41720.49,17746.05,Excellent,3,5,0
101685,46,Male,34383.85,2865.32,Employed,Driver,65460.52,24,19.07,812,138067.71,4,2,Personal,Mortgaged,Widowed,1,70164.54,21550.55,Good,2,1,0
101686,41,Male,86342.67,7195.22,Employed,Engineer,390983.04,360,7.18,703,33803.52,2,3,Education,Owned,Single,0,36835.99,30943.27,Good,1,3,0
101687,40,Other,210218.61,17518.22,Employed,Business Owner,129761.08,120,8.47,422,87555.34,0,5,Business,Owned,Divorced,3,75041.09,9526.14,Poor,3,8,0
101688,67,Other,141102.8,11758.57,Self-Employed,Teacher,17900.88,84,14.53,581,114848.69,5,7,Medical,Owned,Single,2,12462.68,35380.38,Good,3,30,0
101689,25,Male,93189.1,7765.76,Unemployed,Doctor,412956.35,36,15.64,398,130842.18,9,6,Personal,Owned,Widowed,2,58952.76,28651.95,Fair,1,7,1
101690,58,Female,22976.72,1914.73,Employed,Driver,253983.58,84,7.25,561,137481.32,0,2,Personal,Mortgaged,Widowed,1,56639.11,29861.61,Good,1,3,1
101691,64,Female,138056.02,11504.67,Employed,Engineer,164663.3,84,17.31,594,12746.35,3,1,Education,Mortgaged,Married,4,54522.32,9526.52,Excellent,3,32,0
101692,53,Male,33912.82,2826.07,Employed,Doctor,7691.69,360,7.2,580,108908.88,6,5,Home,Mortgaged,Divorced,3,53028.58,3605.1,Good,3,15,0
101693,40,Male,126221.53,10518.46,Unemployed,Teacher,19593.07,240,8.37,535,30615.64,3,2,Medical,Rented,Widowed,4,1784.66,2914.26,Fair,2,14,0
101694,28,Female,169149.85,14095.82,Self-Employed,Engineer,396726.39,60,9.18,540,116867.92,1,3,Business,Owned,Single,4,59369.78,25880.66,Fair,2,10,0
101695,54,Female,101835.0,8486.25,Employed,Business Owner,245873.53,48,19.15,739,105103.46,1,0,Home,Rented,Divorced,3,39974.74,6000.1,Poor,2,33,0
101696,43,Male,76379.36,6364.95,Employed,Doctor,76561.58,48,17.04,578,27202.85,0,6,Education,Owned,Married,0,41934.9,39967.66,Excellent,1,12,0
101697,28,Female,24713.77,2059.48,Unemployed,Teacher,180535.8,48,13.32,323,124924.53,9,1,Home,Rented,Divorced,0,4069.81,38441.91,Good,3,30,1
101698,38,Male,20079.46,1673.29,Unemployed,Business Owner,84321.96,12,18.67,708,69268.32,4,3,Medical,Owned,Divorced,5,15070.49,1167.07,Excellent,1,34,0
101699,68,Other,103155.45,8596.29,Employed,Unemployed,58215.01,12,18.54,640,81578.42,9,3,Business,Owned,Divorced,1,72880.55,29002.3,Fair,3,15,0
101700,34,Male,196085.78,16340.48,Self-Employed,Business Owner,139601.29,180,10.71,683,145710.56,6,0,Personal,Owned,Divorced,2,25242.27,10430.88,Excellent,3,24,0
101701,29,Male,65032.87,5419.41,Employed,Unemployed,275655.26,36,17.96,691,98493.84,3,6,Education,Owned,Divorced,2,31510.42,13635.99,Excellent,1,0,0
101702,54,Male,132681.38,11056.78,Employed,Driver,106583.29,60,7.32,395,88284.47,9,4,Home,Rented,Single,5,15136.28,9612.42,Fair,3,27,0
101703,30,Other,155282.69,12940.22,Self-Employed,Business Owner,173148.2,120,12.81,835,2514.42,2,4,Business,Mortgaged,Widowed,4,50575.26,33221.82,Good,3,34,0
101704,66,Other,27470.12,2289.18,Employed,Doctor,240009.58,120,5.69,845,29882.23,1,1,Business,Owned,Single,2,59256.07,35750.09,Fair,1,6,0
101705,63,Female,46385.58,3865.46,Employed,Doctor,211174.81,48,11.4,380,3984.81,8,0,Auto,Mortgaged,Married,4,73700.95,1616.06,Poor,2,0,1
101706,69,Male,82911.74,6909.31,Unemployed,Clerk,66056.64,180,13.13,420,49996.86,5,0,Personal,Mortgaged,Divorced,3,44965.09,10801.52,Good,2,1,0
101707,65,Other,152369.1,12697.42,Self-Employed,Business Owner,21355.09,24,4.98,435,51676.25,4,5,Auto,Rented,Widowed,3,22050.45,17947.94,Good,0,29,0
101708,32,Female,105002.2,8750.18,Employed,Business Owner,19658.45,60,12.06,832,79549.51,5,5,Personal,Rented,Divorced,5,5677.07,20872.88,Poor,2,8,0
101709,31,Other,165509.99,13792.5,Employed,Engineer,176389.15,24,15.56,813,103465.27,9,6,Personal,Rented,Single,4,21288.76,3505.88,Fair,2,14,0
101710,37,Female,192857.56,16071.46,Self-Employed,Engineer,359963.44,84,14.86,446,26901.78,2,6,Home,Owned,Married,0,49469.16,33201.13,Excellent,2,11,0
101711,44,Other,170466.32,14205.53,Employed,Business Owner,67365.14,12,4.51,647,90248.16,9,3,Auto,Mortgaged,Single,3,77928.29,37359.2,Fair,1,10,0
101712,64,Other,218410.68,18200.89,Retired,Driver,393916.1,360,5.26,434,137546.44,9,0,Home,Mortgaged,Divorced,4,6335.83,16114.6,Good,2,5,0
101713,56,Male,169644.02,14137.0,Self-Employed,Teacher,358405.81,120,10.0,320,27751.18,7,1,Personal,Mortgaged,Divorced,0,31069.32,34289.36,Fair,2,14,1
101714,52,Other,189696.73,15808.06,Employed,Teacher,3963.86,36,19.09,426,98863.2,1,6,Auto,Rented,Divorced,2,53378.86,27054.2,Good,3,32,0
101715,64,Male,185635.1,15469.59,Employed,Business Owner,15320.44,120,19.59,342,6838.37,0,6,Business,Rented,Widowed,1,45965.68,23669.74,Excellent,1,12,0
101716,52,Female,164704.48,13725.37,Self-Employed,Doctor,99126.54,48,9.23,767,79672.15,1,4,Education,Rented,Divorced,4,52135.41,32762.01,Fair,0,28,0
101717,39,Male,179369.37,14947.45,Retired,Teacher,29948.21,84,16.8,732,111230.89,7,0,Home,Owned,Widowed,0,37056.68,18921.18,Excellent,0,24,0
101718,41,Other,206610.06,17217.5,Employed,Teacher,266608.87,24,14.18,401,5106.27,3,6,Medical,Mortgaged,Widowed,3,21362.94,21908.64,Poor,3,27,0
101719,46,Male,112417.51,9368.13,Employed,Engineer,21734.38,84,21.69,612,50049.81,9,6,Personal,Rented,Married,0,38620.18,10986.63,Fair,0,20,0
101720,25,Female,145848.84,12154.07,Self-Employed,Business Owner,401717.63,24,5.25,413,131693.55,0,1,Auto,Owned,Married,5,30522.89,28487.39,Poor,1,12,0
101721,57,Female,120562.64,10046.89,Employed,Teacher,247495.11,24,13.64,611,33821.97,3,6,Medical,Rented,Single,1,56743.8,6362.49,Excellent,3,8,0
101722,52,Other,189462.58,15788.55,Employed,Driver,364521.27,84,14.46,793,108431.18,2,5,Personal,Owned,Married,2,13729.99,9726.46,Good,0,9,0
101723,56,Other,103428.72,8619.06,Unemployed,Unemployed,375849.87,84,9.19,784,91835.74,8,7,Personal,Owned,Divorced,4,39691.83,19196.84,Excellent,0,18,0
101724,47,Male,183043.99,15253.67,Self-Employed,Business Owner,254368.44,36,4.37,759,24553.15,1,5,Auto,Owned,Divorced,2,76725.0,15412.5,Good,2,14,0
101725,59,Other,178867.69,14905.64,Unemployed,Engineer,462830.71,12,4.46,432,111256.13,4,0,Home,Rented,Widowed,0,42543.52,9583.13,Good,2,14,0
101726,67,Male,212186.65,17682.22,Self-Employed,Engineer,495139.91,60,11.89,405,79812.15,8,5,Home,Rented,Divorced,5,18976.76,7675.54,Good,0,12,0
101727,48,Female,66028.74,5502.4,Employed,Business Owner,180888.91,360,16.31,388,16803.87,9,0,Business,Rented,Widowed,0,74868.02,34435.89,Good,2,32,0
101728,42,Female,160472.0,13372.67,Unemployed,Clerk,64680.34,180,16.45,370,142405.71,9,2,Personal,Owned,Divorced,2,19532.59,23634.36,Poor,2,22,1
101729,26,Female,170168.5,14180.71,Employed,Clerk,182892.61,12,6.85,638,73794.3,6,6,Medical,Rented,Widowed,0,60094.41,15095.71,Excellent,0,31,0
101730,59,Other,206937.09,17244.76,Employed,Business Owner,113230.24,360,19.37,662,111762.13,1,7,Medical,Owned,Widowed,4,8762.5,33831.22,Good,1,32,0
101731,65,Other,200915.0,16742.92,Unemployed,Business Owner,266440.82,60,10.48,786,32655.04,0,3,Business,Owned,Married,1,68167.17,33006.42,Fair,1,21,0
101732,55,Female,132572.8,11047.73,Self-Employed,Teacher,190437.03,84,21.34,349,20577.48,4,2,Business,Owned,Widowed,5,14445.97,4435.48,Excellent,3,3,0
101733,63,Other,133726.4,11143.87,Unemployed,Clerk,241263.81,12,5.69,446,111196.02,4,3,Auto,Owned,Widowed,1,31534.36,22691.43,Fair,1,33,0
101734,63,Male,49294.7,4107.89,Employed,Doctor,382067.41,48,18.97,701,101073.63,5,1,Home,Mortgaged,Married,4,77249.63,12224.52,Fair,3,16,1
101735,60,Male,214867.35,17905.61,Retired,Engineer,138462.45,180,20.3,675,41116.15,0,4,Auto,Rented,Single,0,46351.58,21633.39,Fair,3,13,0
101736,45,Female,67278.58,5606.55,Employed,Clerk,269662.41,48,18.72,535,111942.52,6,3,Home,Owned,Single,0,21119.67,28719.95,Fair,0,14,0
101737,25,Female,163570.92,13630.91,Self-Employed,Doctor,168910.3,24,18.46,383,75748.84,3,0,Personal,Owned,Widowed,1,50.17,340.3,Fair,3,3,0
101738,21,Other,178137.98,14844.83,Unemployed,Doctor,392910.51,12,10.18,566,52289.59,1,4,Business,Mortgaged,Married,5,543.14,20542.7,Poor,0,23,0
101739,31,Other,105449.18,8787.43,Employed,Clerk,320489.24,360,16.7,394,118033.77,9,5,Personal,Owned,Divorced,5,21967.01,11669.29,Excellent,1,1,1
101740,42,Male,58294.71,4857.89,Self-Employed,Clerk,6235.36,240,14.22,595,92517.41,3,5,Home,Rented,Married,3,42148.38,21360.44,Good,0,25,0
101741,57,Male,53736.88,4478.07,Employed,Doctor,330705.57,12,11.35,796,76090.25,2,7,Medical,Mortgaged,Married,2,38791.3,4393.69,Fair,0,29,0
101742,43,Other,190581.68,15881.81,Self-Employed,Business Owner,86740.68,360,21.87,407,115966.06,4,5,Personal,Mortgaged,Married,1,73750.53,32702.66,Excellent,2,14,0
101743,22,Female,119705.08,9975.42,Unemployed,Clerk,362787.95,240,8.87,364,81724.25,9,5,Medical,Owned,Divorced,1,61127.53,21746.74,Good,2,13,1
101744,31,Male,33478.08,2789.84,Self-Employed,Business Owner,284534.66,48,11.14,706,140780.16,8,1,Business,Rented,Single,2,73978.85,8442.54,Fair,2,23,1
101745,68,Other,161988.99,13499.08,Employed,Clerk,201938.37,120,20.2,313,122708.35,0,3,Education,Rented,Widowed,2,40942.26,30787.39,Excellent,1,30,0
101746,69,Female,66285.07,5523.76,Employed,Engineer,347645.08,36,8.85,841,53728.14,6,3,Business,Rented,Married,4,35733.31,1511.3,Good,3,3,0
101747,39,Other,194660.92,16221.74,Retired,Business Owner,428583.46,36,6.32,726,69737.89,6,7,Business,Mortgaged,Single,1,45287.06,23712.94,Fair,1,16,0
101748,60,Other,78462.22,6538.52,Retired,Engineer,389814.37,180,9.23,522,143599.96,8,3,Auto,Owned,Single,0,29771.69,20070.47,Excellent,2,11,1
101749,56,Other,56055.52,4671.29,Retired,Teacher,273598.88,36,17.55,499,134280.66,9,5,Home,Owned,Single,3,16864.92,1585.8,Excellent,1,0,0
101750,66,Female,32395.98,2699.66,Employed,Business Owner,361901.77,48,19.41,513,28677.83,7,4,Business,Owned,Married,1,66932.84,9988.22,Fair,0,0,0
101751,64,Other,119863.88,9988.66,Employed,Clerk,208129.45,48,5.62,518,41145.57,6,0,Home,Mortgaged,Divorced,2,54442.53,3085.62,Fair,2,18,0
101752,51,Other,107401.21,8950.1,Self-Employed,Unemployed,394935.01,24,15.0,762,54663.08,3,7,Home,Owned,Widowed,4,26052.65,29295.48,Good,3,26,0
101753,40,Male,169018.99,14084.92,Self-Employed,Engineer,414867.84,240,13.99,740,131977.36,8,5,Home,Owned,Widowed,5,35702.5,28230.84,Good,1,20,0
101754,51,Male,110243.53,9186.96,Employed,Unemployed,70372.33,120,15.87,412,139112.6,9,1,Business,Owned,Married,3,18035.83,3571.92,Excellent,1,8,0
101755,36,Male,85482.27,7123.52,Employed,Business Owner,120539.62,240,15.91,399,120351.04,9,0,Medical,Owned,Divorced,5,45027.12,4368.29,Fair,3,15,1
101756,38,Female,68639.26,5719.94,Employed,Driver,136454.39,84,21.25,597,41356.27,9,7,Education,Owned,Married,1,28668.65,35211.29,Excellent,0,33,0
101757,50,Female,72020.08,6001.67,Employed,Doctor,84708.7,24,9.91,658,133059.72,6,2,Home,Mortgaged,Single,4,70046.03,8033.9,Poor,1,29,0
101758,48,Male,205208.82,17100.74,Employed,Unemployed,197482.43,36,9.05,700,4932.17,9,0,Business,Rented,Divorced,5,42269.04,12146.44,Fair,1,4,0
101759,49,Female,48841.11,4070.09,Employed,Engineer,98130.54,48,14.25,472,63420.52,7,4,Education,Mortgaged,Divorced,1,32938.45,27371.21,Excellent,1,22,0
101760,39,Male,217576.17,18131.35,Employed,Unemployed,298578.58,360,11.44,565,56644.29,2,0,Business,Owned,Widowed,4,59969.58,2428.93,Good,1,21,0
101761,41,Female,82018.49,6834.87,Unemployed,Engineer,52604.49,36,12.26,357,80285.94,0,1,Education,Mortgaged,Single,2,72408.1,37906.26,Poor,3,12,1
101762,21,Female,33120.0,2760.0,Self-Employed,Unemployed,136419.74,120,4.78,551,84096.08,9,7,Business,Owned,Divorced,5,65393.53,920.36,Poor,0,12,0
101763,50,Female,65981.53,5498.46,Retired,Doctor,333429.28,24,6.24,678,33810.67,4,0,Auto,Mortgaged,Married,1,39593.37,33965.7,Good,1,25,0
101764,49,Female,26974.95,2247.91,Employed,Clerk,200475.47,360,20.8,467,30683.36,8,6,Medical,Owned,Married,5,28515.47,14436.24,Excellent,3,32,1
101765,66,Female,176956.1,14746.34,Employed,Business Owner,211888.45,120,4.76,475,120534.99,2,4,Business,Mortgaged,Single,4,52970.35,6001.6,Fair,0,11,0
101766,45,Other,120073.35,10006.11,Employed,Engineer,399366.78,60,14.42,554,11429.52,3,2,Auto,Rented,Single,4,65349.44,15099.64,Fair,2,32,0
101767,43,Other,84082.26,7006.86,Employed,Driver,492286.75,48,17.46,777,73992.91,8,2,Home,Mortgaged,Married,0,78291.17,38913.66,Good,0,29,0
101768,24,Other,150720.17,12560.01,Employed,Driver,283403.76,48,3.72,632,28746.96,5,3,Personal,Rented,Single,0,36580.1,21159.11,Excellent,2,1,0
101769,30,Female,144282.54,12023.54,Self-Employed,Unemployed,41375.45,36,7.62,806,47935.08,6,4,Education,Mortgaged,Married,3,53459.21,2371.21,Poor,2,9,0
101770,37,Female,207673.78,17306.15,Self-Employed,Driver,53245.68,84,10.48,333,41594.16,3,7,Auto,Rented,Divorced,2,23448.26,37661.67,Good,2,15,1
101771,39,Male,212058.41,17671.53,Unemployed,Unemployed,484313.36,240,12.88,767,106278.33,6,2,Education,Rented,Single,1,6997.06,5742.46,Excellent,2,23,0
101772,38,Female,154540.17,12878.35,Employed,Unemployed,340258.99,36,9.82,324,68403.09,4,4,Education,Mortgaged,Widowed,5,20244.62,2187.5,Excellent,2,7,0
101773,40,Male,182652.27,15221.02,Employed,Business Owner,376729.62,180,15.51,477,44916.28,9,5,Personal,Mortgaged,Married,2,1159.21,1817.04,Excellent,2,14,0
101774,58,Female,177447.15,14787.26,Employed,Doctor,338530.35,84,7.69,535,124702.8,4,0,Business,Mortgaged,Widowed,2,40754.21,33053.4,Good,2,3,0
101775,27,Male,115717.22,9643.1,Employed,Teacher,91449.57,180,3.97,430,12869.27,0,7,Personal,Owned,Divorced,1,29852.49,6120.77,Excellent,0,3,0
101776,37,Female,159413.95,13284.5,Self-Employed,Driver,225284.36,180,3.53,845,114954.1,7,7,Business,Owned,Widowed,5,54261.98,7159.32,Good,0,15,0
101777,28,Other,31043.1,2586.92,Employed,Doctor,399444.06,12,9.89,791,37246.91,9,0,Medical,Rented,Married,2,49225.12,37764.61,Excellent,0,22,0
101778,36,Other,170394.32,14199.53,Self-Employed,Clerk,433448.76,12,10.19,614,137702.88,8,2,Home,Mortgaged,Single,1,13429.31,24464.45,Excellent,2,15,0
101779,54,Female,212175.77,17681.31,Employed,Doctor,120193.09,360,21.05,549,833.86,1,6,Education,Rented,Single,4,53905.73,11416.77,Excellent,1,13,0
101780,23,Male,32419.82,2701.65,Retired,Teacher,298788.97,24,4.33,719,83499.5,9,6,Personal,Mortgaged,Single,0,14992.02,23458.19,Good,1,17,0
101781,37,Male,186403.74,15533.64,Retired,Doctor,80236.75,84,13.31,689,93339.75,3,1,Home,Owned,Divorced,3,476.25,9723.7,Good,1,22,0
101782,22,Male,206260.91,17188.41,Employed,Clerk,479221.88,180,14.19,564,86595.05,8,7,Education,Mortgaged,Divorced,3,77615.41,19770.61,Good,3,24,0
101783,67,Other,61368.72,5114.06,Unemployed,Business Owner,127597.74,84,16.44,755,122252.29,6,2,Education,Mortgaged,Widowed,1,2158.8,13384.9,Fair,1,18,0
101784,56,Other,122586.29,10215.52,Employed,Unemployed,363864.29,12,15.32,406,16824.6,9,2,Personal,Mortgaged,Widowed,4,27339.93,24905.06,Good,1,3,0
101785,32,Female,205210.94,17100.91,Self-Employed,Engineer,117094.25,12,3.65,453,62333.4,3,2,Medical,Rented,Widowed,0,51000.9,30352.35,Fair,2,1,0
101786,30,Male,211846.33,17653.86,Unemployed,Driver,308794.86,120,15.19,309,129560.52,6,5,Home,Mortgaged,Married,5,29629.96,13940.3,Excellent,3,12,1
101787,25,Male,41215.89,3434.66,Self-Employed,Teacher,330313.62,240,9.46,365,133310.29,6,1,Auto,Owned,Married,5,30496.73,5756.52,Good,2,7,1
101788,44,Other,86545.87,7212.16,Self-Employed,Teacher,165557.2,48,17.8,409,74751.66,1,4,Personal,Owned,Widowed,1,57818.2,14229.62,Excellent,3,18,0
101789,57,Male,158119.65,13176.64,Employed,Teacher,409779.26,84,6.98,644,83695.03,7,0,Auto,Rented,Divorced,2,48172.31,30326.2,Good,2,24,0
101790,49,Male,60419.49,5034.96,Self-Employed,Engineer,442914.71,360,16.75,771,114586.27,1,1,Education,Mortgaged,Married,1,41470.2,31483.27,Good,3,8,0
101791,64,Male,81577.98,6798.16,Self-Employed,Engineer,427824.83,240,15.07,625,116941.56,8,6,Medical,Mortgaged,Widowed,3,70905.34,31422.04,Fair,2,16,1
101792,37,Male,19774.67,1647.89,Employed,Driver,166737.51,84,15.57,545,133212.19,1,3,Medical,Owned,Single,2,8649.09,38982.9,Good,2,7,0
101793,34,Female,46471.94,3872.66,Employed,Unemployed,372681.45,120,6.76,448,126578.61,1,6,Medical,Rented,Divorced,2,37581.4,32991.31,Good,2,16,0
101794,44,Other,130277.55,10856.46,Self-Employed,Doctor,280626.4,360,15.88,355,62163.5,4,5,Home,Mortgaged,Widowed,5,19125.34,38742.92,Excellent,1,13,0
101795,30,Male,148883.46,12406.96,Employed,Engineer,297128.91,180,17.13,622,97463.0,1,7,Home,Rented,Divorced,3,2944.63,25071.7,Poor,0,0,0
101796,68,Other,148026.93,12335.58,Employed,Unemployed,239757.69,60,12.55,377,72485.29,0,1,Auto,Rented,Divorced,5,78322.7,9173.93,Excellent,1,23,0
101797,30,Male,174563.9,14546.99,Unemployed,Doctor,300930.05,120,9.8,735,17694.22,0,7,Personal,Rented,Single,3,58722.15,24327.85,Excellent,2,10,0
101798,44,Male,100132.69,8344.39,Self-Employed,Clerk,69555.77,48,6.58,525,123252.14,2,7,Auto,Owned,Divorced,2,17294.84,7913.36,Excellent,2,26,0
101799,46,Male,71065.6,5922.13,Employed,Unemployed,205605.92,360,8.86,492,90264.53,4,3,Education,Mortgaged,Married,0,32194.74,3413.05,Poor,0,23,1
101800,23,Other,18194.04,1516.17,Employed,Business Owner,90480.54,12,17.63,314,8700.78,0,1,Personal,Mortgaged,Widowed,0,18081.94,12052.98,Poor,3,6,1
101801,43,Female,57359.11,4779.93,Employed,Business Owner,141492.55,36,11.07,433,101530.24,1,1,Education,Rented,Married,3,54788.42,14511.02,Good,2,31,1
101802,43,Other,79039.5,6586.62,Self-Employed,Driver,65651.64,48,16.5,307,42465.16,6,4,Medical,Rented,Married,3,28035.77,28355.52,Excellent,2,0,0
101803,33,Male,51532.41,4294.37,Employed,Clerk,107822.81,36,17.19,699,10389.78,3,0,Education,Owned,Married,3,73589.01,14523.07,Fair,1,20,0
101804,27,Male,19129.62,1594.14,Employed,Driver,391400.77,84,15.97,569,90988.34,7,0,Education,Rented,Divorced,5,16604.42,125.94,Good,2,28,0
101805,23,Other,47276.76,3939.73,Self-Employed,Doctor,275818.56,180,15.96,733,109831.3,8,4,Medical,Owned,Widowed,0,27986.09,36677.65,Excellent,2,18,0
101806,21,Male,151550.41,12629.2,Self-Employed,Driver,13774.27,240,14.8,611,77592.64,0,4,Business,Rented,Married,3,74545.16,23576.17,Good,1,19,0
101807,44,Male,144065.01,12005.42,Self-Employed,Business Owner,394685.19,84,13.09,825,847.24,9,6,Auto,Rented,Single,4,70774.46,8430.32,Good,3,16,0
101808,25,Female,206815.15,17234.6,Employed,Engineer,454915.26,120,7.16,731,86532.41,6,7,Business,Owned,Widowed,3,23453.61,10091.51,Good,0,2,0
101809,68,Female,178624.5,14885.38,Self-Employed,Clerk,440453.78,84,19.09,381,991.36,8,2,Personal,Mortgaged,Divorced,1,38645.49,4965.61,Fair,1,23,0
101810,32,Male,131390.0,10949.17,Employed,Doctor,411862.41,12,21.34,364,138961.25,4,2,Medical,Mortgaged,Married,2,70696.4,36261.87,Fair,1,33,0
101811,52,Female,43199.05,3599.92,Employed,Driver,496123.79,180,12.13,789,40095.77,0,1,Home,Rented,Widowed,0,53650.76,9208.34,Good,0,27,0
101812,54,Other,130634.72,10886.23,Self-Employed,Teacher,294028.17,12,20.76,448,130650.99,8,1,Home,Rented,Married,1,50982.37,37625.89,Excellent,0,2,0
101813,45,Female,27626.99,2302.25,Self-Employed,Driver,481368.64,84,21.96,721,1816.39,5,3,Business,Owned,Divorced,4,52844.69,10572.45,Excellent,3,7,0
101814,64,Female,103331.4,8610.95,Employed,Driver,474524.43,360,12.49,646,14582.48,0,7,Personal,Rented,Widowed,3,73678.49,31970.05,Poor,3,29,0
101815,26,Male,95003.02,7916.92,Self-Employed,Driver,157992.89,180,16.9,686,67711.25,1,7,Business,Owned,Single,5,41373.91,418.09,Excellent,1,24,0
101816,32,Female,102701.83,8558.49,Employed,Driver,431990.01,84,15.41,446,113791.11,2,7,Education,Mortgaged,Widowed,4,14542.39,19330.94,Good,1,12,1
101817,33,Other,72364.31,6030.36,Employed,Unemployed,396651.39,48,7.89,472,141384.26,3,3,Personal,Owned,Widowed,1,37817.9,14768.58,Excellent,1,8,0
101818,27,Female,155595.24,12966.27,Employed,Doctor,388347.79,240,4.37,605,78164.22,4,5,Business,Owned,Married,4,58311.06,13383.43,Excellent,2,16,0
101819,35,Other,187393.62,15616.14,Employed,Business Owner,448347.82,240,11.89,312,53319.11,4,5,Medical,Mortgaged,Married,4,39370.75,39686.25,Good,1,1,0
101820,36,Male,172545.98,14378.83,Self-Employed,Clerk,193326.62,48,18.06,471,6683.18,8,1,Education,Owned,Single,1,25061.02,28834.67,Excellent,0,3,0
101821,58,Male,143689.18,11974.1,Self-Employed,Driver,201227.37,24,9.51,579,87556.42,9,3,Personal,Owned,Single,0,53306.39,10231.12,Fair,1,2,0
101822,35,Female,125360.68,10446.72,Self-Employed,Teacher,320746.05,84,18.01,412,57006.56,6,4,Home,Rented,Widowed,4,36018.38,30097.67,Good,2,28,0
101823,63,Male,21372.26,1781.02,Employed,Doctor,369426.66,120,15.61,457,136370.02,6,2,Personal,Mortgaged,Married,4,77025.62,5182.75,Fair,2,1,0
101824,58,Female,163201.47,13600.12,Employed,Doctor,440109.08,360,16.37,841,72008.88,8,3,Personal,Mortgaged,Divorced,0,28171.24,37037.14,Good,0,19,0
101825,65,Other,126721.5,10560.12,Employed,Doctor,438170.97,240,8.79,459,114817.05,2,3,Auto,Rented,Single,2,57398.95,17055.45,Excellent,3,9,0
101826,26,Female,70501.92,5875.16,Self-Employed,Business Owner,361227.13,36,12.2,797,127231.58,5,0,Home,Owned,Married,5,44405.76,7626.52,Fair,2,26,1
101827,69,Female,82207.62,6850.63,Employed,Driver,478532.6,36,6.86,810,14741.64,6,6,Medical,Rented,Widowed,4,6205.18,10912.82,Poor,2,4,0
101828,51,Other,206799.39,17233.28,Employed,Engineer,90957.05,360,8.06,671,66126.95,2,7,Home,Owned,Divorced,4,37580.63,6205.95,Excellent,3,31,0
101829,69,Male,142994.26,11916.19,Self-Employed,Driver,475269.24,48,5.16,384,134057.61,9,6,Education,Rented,Single,2,2333.1,37222.32,Fair,2,2,0
101830,38,Other,112562.05,9380.17,Self-Employed,Driver,33967.36,60,5.85,413,63668.29,2,7,Home,Owned,Single,0,63186.54,12235.74,Good,2,29,0
101831,67,Male,142288.96,11857.41,Employed,Unemployed,278699.7,48,7.39,814,84773.14,0,3,Education,Owned,Widowed,2,58762.41,5714.04,Fair,3,5,0
101832,49,Other,99817.18,8318.1,Employed,Unemployed,46918.08,48,14.23,300,130965.59,3,0,Personal,Owned,Single,4,4040.95,32516.03,Excellent,3,1,0
101833,24,Female,111387.37,9282.28,Self-Employed,Business Owner,284864.49,84,11.66,577,34889.04,8,2,Business,Mortgaged,Single,5,39975.58,8530.36,Excellent,3,1,0
101834,41,Male,74513.4,6209.45,Employed,Engineer,196274.64,36,8.44,628,134187.25,3,6,Auto,Rented,Married,3,76923.16,3766.01,Excellent,2,27,0
101835,27,Other,105169.93,8764.16,Employed,Doctor,42641.5,60,19.43,761,59554.26,2,1,Education,Rented,Widowed,0,22771.1,26735.8,Excellent,0,12,0
101836,67,Male,155546.41,12962.2,Unemployed,Engineer,324762.17,48,13.22,793,88955.0,8,4,Home,Rented,Divorced,3,72344.26,296.23,Good,1,14,0
101837,35,Female,23188.09,1932.34,Employed,Teacher,366136.6,24,20.58,456,49205.92,1,0,Business,Owned,Single,1,12087.41,33296.82,Poor,2,28,1
101838,31,Other,177980.62,14831.72,Employed,Doctor,88744.34,180,15.25,576,79067.86,1,2,Home,Rented,Widowed,3,528.2,22508.38,Good,1,9,0
101839,48,Other,73010.81,6084.23,Employed,Doctor,347829.49,240,3.79,649,7392.87,8,0,Education,Mortgaged,Widowed,2,42441.71,9872.74,Good,0,19,0
101840,41,Other,154924.76,12910.4,Employed,Doctor,91165.68,60,20.4,831,9789.0,3,0,Home,Owned,Divorced,3,19139.46,18943.75,Excellent,1,10,0
101841,25,Female,146758.69,12229.89,Employed,Driver,70423.43,36,19.36,606,62208.41,0,1,Auto,Rented,Single,3,70337.94,10496.6,Good,1,2,0
101842,61,Female,148788.75,12399.06,Employed,Teacher,75386.91,120,15.25,367,50242.79,4,4,Home,Rented,Single,3,53913.76,21314.28,Fair,0,34,0
101843,62,Male,139666.43,11638.87,Employed,Driver,300341.08,84,13.39,809,92368.77,7,5,Medical,Owned,Widowed,0,54951.23,22865.76,Fair,3,13,1
101844,57,Other,211615.88,17634.66,Employed,Doctor,389837.82,84,11.88,582,5686.53,7,2,Personal,Mortgaged,Widowed,5,53862.43,30867.29,Good,1,29,0
101845,51,Female,119210.55,9934.21,Unemployed,Business Owner,299253.06,84,12.42,398,25150.3,0,6,Medical,Rented,Widowed,3,54316.61,18643.5,Good,3,15,1
101846,40,Other,165125.42,13760.45,Retired,Clerk,405057.02,180,17.73,404,31438.78,2,3,Personal,Rented,Married,3,59769.19,31465.51,Excellent,3,30,0
101847,47,Female,159617.11,13301.43,Employed,Clerk,296555.72,12,12.99,412,66073.77,6,5,Education,Owned,Divorced,2,53591.01,2769.75,Poor,3,6,1
101848,46,Other,63434.85,5286.24,Employed,Clerk,399065.98,12,6.76,697,37025.21,6,4,Auto,Rented,Single,0,66742.02,36853.72,Good,3,18,0
101849,29,Male,73077.7,6089.81,Self-Employed,Business Owner,488308.21,12,4.58,822,20649.4,6,5,Medical,Owned,Single,3,44649.77,7420.35,Good,1,13,0
101850,25,Other,101923.51,8493.63,Retired,Teacher,196697.98,24,5.83,543,89636.05,3,7,Medical,Mortgaged,Single,2,28055.06,33463.09,Good,0,34,0
101851,33,Male,71928.08,5994.01,Unemployed,Teacher,76671.2,360,8.15,353,111580.8,8,7,Education,Owned,Divorced,5,37347.77,19785.27,Excellent,0,11,0
101852,43,Male,90182.34,7515.2,Employed,Business Owner,69427.61,180,10.3,789,102790.21,0,4,Auto,Rented,Married,3,35218.8,4188.7,Good,2,27,0
101853,28,Female,95146.93,7928.91,Employed,Teacher,299543.84,120,20.01,649,41427.01,8,7,Education,Rented,Divorced,2,26600.5,14392.1,Poor,0,17,0
101854,26,Female,138792.23,11566.02,Employed,Clerk,274457.33,120,7.92,614,128166.73,9,5,Education,Owned,Married,0,33237.45,36733.22,Excellent,0,14,0
101855,62,Other,60077.46,5006.46,Self-Employed,Unemployed,93749.22,12,9.41,333,91773.33,6,2,Medical,Mortgaged,Divorced,3,30798.94,33388.56,Excellent,0,24,0
101856,39,Female,179879.83,14989.99,Employed,Engineer,441288.27,36,7.63,834,92200.01,4,7,Home,Owned,Widowed,5,8891.22,28892.63,Excellent,1,22,0
101857,49,Male,104694.95,8724.58,Employed,Business Owner,478460.69,180,13.6,342,31927.27,3,1,Business,Rented,Divorced,2,66444.18,15193.84,Excellent,1,16,1
101858,46,Male,159780.04,13315.0,Employed,Engineer,128101.39,60,14.92,636,36331.93,4,3,Personal,Owned,Widowed,3,60517.26,23551.63,Poor,1,1,0
101859,57,Female,31695.71,2641.31,Employed,Unemployed,105027.7,84,13.34,629,71212.53,1,1,Personal,Mortgaged,Widowed,0,27003.1,9284.88,Fair,2,2,1
101860,57,Female,111342.91,9278.58,Employed,Doctor,108533.08,180,21.11,583,35673.15,2,6,Auto,Owned,Divorced,2,75610.56,25913.74,Poor,3,20,0
101861,35,Female,20785.0,1732.08,Employed,Teacher,194935.92,12,21.91,603,103211.66,6,7,Education,Rented,Widowed,4,75949.0,10437.61,Poor,2,1,1
101862,62,Male,153561.55,12796.8,Employed,Business Owner,426907.13,180,18.99,519,46283.18,5,6,Education,Owned,Single,2,68537.58,33160.27,Good,2,21,0
101863,39,Female,85460.57,7121.71,Self-Employed,Driver,298788.38,120,18.4,615,22787.42,4,0,Education,Mortgaged,Divorced,5,2349.83,28179.93,Good,0,31,0
101864,61,Female,209596.83,17466.4,Self-Employed,Unemployed,35641.61,60,10.27,500,22742.08,4,2,Home,Owned,Single,2,29697.44,15443.58,Good,0,27,0
101865,40,Other,81445.46,6787.12,Employed,Doctor,237543.58,60,14.23,560,19084.17,0,2,Home,Mortgaged,Single,4,36586.93,26379.28,Fair,0,24,0
101866,26,Female,130580.21,10881.68,Self-Employed,Teacher,46985.18,12,10.0,673,65962.51,8,0,Home,Rented,Single,3,57497.3,13005.45,Fair,3,9,0
101867,58,Other,67764.45,5647.04,Self-Employed,Doctor,204294.63,36,18.01,709,456.01,9,4,Medical,Rented,Single,5,50784.99,6226.12,Good,0,23,0
101868,22,Male,142123.09,11843.59,Employed,Doctor,202953.03,36,6.68,384,81355.84,2,0,Education,Owned,Married,3,54270.29,9407.36,Good,3,6,0
101869,58,Other,110743.68,9228.64,Employed,Doctor,324879.63,240,7.51,846,44745.44,3,4,Auto,Rented,Divorced,2,61377.07,10867.52,Fair,3,31,0
101870,23,Male,90978.79,7581.57,Employed,Engineer,275628.08,24,4.22,353,82871.82,6,4,Personal,Owned,Widowed,2,75874.83,9064.66,Excellent,3,3,1
101871,31,Male,56756.32,4729.69,Employed,Doctor,437627.88,36,14.77,451,140313.81,0,4,Education,Rented,Widowed,3,44120.67,27134.24,Good,1,18,0
101872,50,Other,37861.88,3155.16,Employed,Engineer,10105.04,24,16.24,491,130357.14,1,7,Education,Rented,Single,5,72323.4,29586.45,Good,0,17,0
101873,67,Female,39575.22,3297.94,Employed,Unemployed,387451.41,36,3.56,478,86464.48,9,6,Home,Owned,Married,1,65185.51,18285.57,Good,0,2,0
101874,41,Female,219803.2,18316.93,Employed,Unemployed,13283.85,12,12.95,493,62710.55,1,2,Education,Mortgaged,Married,5,27033.94,39511.76,Good,3,6,0
101875,26,Female,99523.7,8293.64,Employed,Clerk,153536.33,36,10.47,478,104754.4,5,4,Business,Rented,Single,5,65093.64,35640.82,Fair,1,25,0
101876,32,Other,15395.59,1282.97,Employed,Doctor,440072.24,180,18.16,540,138470.9,8,6,Business,Owned,Single,4,9387.62,3482.01,Fair,1,20,0
101877,64,Male,210350.4,17529.2,Employed,Engineer,345826.26,180,4.22,720,73432.06,7,6,Education,Owned,Married,3,12700.77,18418.03,Good,0,5,0
101878,56,Male,19095.88,1591.32,Self-Employed,Unemployed,87654.35,48,4.4,755,14896.16,2,5,Business,Mortgaged,Widowed,5,79390.28,36339.07,Good,1,4,0
101879,25,Male,100810.16,8400.85,Employed,Teacher,246410.7,180,14.97,491,114913.23,1,0,Personal,Rented,Married,1,34295.09,8810.57,Excellent,1,23,0
101880,39,Other,162082.91,13506.91,Employed,Teacher,361508.28,120,14.45,442,1571.87,7,3,Medical,Owned,Married,3,36849.44,15135.84,Excellent,2,23,0
101881,33,Male,202492.85,16874.4,Employed,Doctor,468796.97,360,18.88,672,114695.77,4,6,Business,Mortgaged,Widowed,4,76082.47,37877.9,Excellent,3,14,0
101882,29,Female,161141.69,13428.47,Self-Employed,Unemployed,317891.96,240,14.46,332,12737.49,9,0,Auto,Rented,Married,4,28947.18,31042.49,Fair,1,0,1
101883,62,Female,110043.28,9170.27,Retired,Clerk,14288.35,36,21.06,545,15992.49,6,4,Home,Owned,Divorced,3,18957.33,33293.0,Fair,1,0,0
101884,51,Male,214760.62,17896.72,Employed,Clerk,250851.53,84,9.32,421,117256.03,0,4,Home,Owned,Widowed,2,6225.74,35179.35,Excellent,1,5,0
101885,29,Female,23060.47,1921.71,Employed,Clerk,78174.9,180,10.86,634,103428.26,2,1,Home,Owned,Single,5,41809.58,6847.03,Poor,0,1,1
101886,52,Male,217312.9,18109.41,Employed,Business Owner,25794.22,48,21.59,343,84285.47,7,2,Business,Mortgaged,Divorced,4,15975.13,27970.96,Good,0,19,0
101887,41,Male,189125.27,15760.44,Employed,Doctor,300058.3,84,5.49,756,123087.78,7,7,Auto,Mortgaged,Married,4,5184.48,32112.05,Fair,0,13,0
101888,24,Male,205430.65,17119.22,Self-Employed,Unemployed,388907.11,60,18.22,448,127705.28,7,4,Auto,Owned,Single,3,65045.56,9059.18,Good,0,7,0
101889,43,Other,67228.35,5602.36,Employed,Business Owner,19958.16,48,3.71,583,68626.84,2,7,Personal,Mortgaged,Single,5,26287.75,1734.39,Fair,0,20,0
101890,30,Female,44203.9,3683.66,Retired,Driver,392227.46,24,12.5,615,149444.8,2,3,Auto,Rented,Divorced,2,46351.21,7134.23,Good,0,24,0
101891,33,Other,150979.63,12581.64,Employed,Driver,353781.16,12,6.34,561,53636.99,2,6,Personal,Rented,Divorced,3,8371.65,29656.11,Excellent,3,5,0
101892,64,Female,120751.18,10062.6,Employed,Driver,376489.47,180,14.58,546,25726.16,6,4,Home,Rented,Divorced,4,40446.61,27771.63,Excellent,0,21,0
101893,55,Male,122249.43,10187.45,Self-Employed,Driver,123874.73,240,18.27,447,126896.47,0,7,Education,Rented,Divorced,3,50547.21,35669.05,Fair,2,3,0
101894,27,Female,204546.93,17045.58,Employed,Unemployed,198010.54,120,4.11,725,62335.54,8,2,Home,Mortgaged,Divorced,1,35989.09,12678.12,Poor,0,20,0
101895,62,Other,142116.59,11843.05,Self-Employed,Driver,61635.91,36,6.53,584,131174.95,2,3,Business,Owned,Single,4,26998.55,24869.76,Good,1,13,0
101896,49,Female,78768.09,6564.01,Employed,Unemployed,120967.69,12,9.84,418,9174.95,4,0,Home,Owned,Single,2,24876.4,1071.74,Fair,2,3,0
101897,63,Male,97013.64,8084.47,Self-Employed,Driver,152789.26,120,8.23,444,16657.82,2,1,Auto,Mortgaged,Married,0,8750.7,37403.37,Excellent,2,28,0
101898,57,Male,42366.65,3530.55,Employed,Driver,161079.45,24,10.59,541,6040.9,4,1,Personal,Mortgaged,Divorced,2,9255.3,22179.7,Fair,3,6,1
101899,37,Other,54424.38,4535.36,Employed,Unemployed,89169.86,84,21.11,764,90301.64,7,1,Medical,Rented,Widowed,0,39655.69,29935.41,Fair,1,27,0
101900,47,Female,44386.76,3698.9,Self-Employed,Unemployed,95978.48,360,5.37,829,124779.63,1,2,Business,Owned,Widowed,5,11106.34,11352.64,Good,2,12,0
101901,47,Other,181109.72,15092.48,Employed,Doctor,450932.26,12,11.33,514,60399.12,5,6,Medical,Rented,Widowed,5,17876.07,3278.17,Good,1,23,0
101902,56,Female,159499.06,13291.59,Employed,Doctor,392379.02,84,11.96,517,13604.32,0,3,Personal,Owned,Married,1,13185.41,2512.88,Excellent,1,24,0
101903,33,Male,123720.73,10310.06,Self-Employed,Unemployed,173549.9,360,8.69,371,56020.32,1,6,Personal,Mortgaged,Divorced,5,64198.75,32586.42,Excellent,1,14,0
101904,37,Other,91745.41,7645.45,Employed,Business Owner,473926.48,48,8.65,600,52206.92,6,6,Medical,Mortgaged,Single,4,35977.37,6077.84,Excellent,3,23,0
101905,32,Other,152041.33,12670.11,Unemployed,Engineer,120983.51,240,16.72,432,96520.79,5,7,Home,Rented,Married,5,44207.16,32960.07,Fair,3,15,0
101906,35,Other,181645.6,15137.13,Employed,Unemployed,204596.59,240,14.93,751,97822.74,6,4,Auto,Rented,Single,0,46636.65,10610.63,Fair,1,21,0
101907,28,Other,195652.81,16304.4,Employed,Doctor,407135.61,60,18.54,594,15453.56,2,6,Education,Owned,Widowed,0,31710.79,21650.88,Excellent,2,7,0
101908,22,Male,127138.33,10594.86,Employed,Business Owner,222557.41,48,10.99,422,63026.52,2,3,Business,Rented,Married,5,23874.48,10476.66,Poor,3,14,1
101909,67,Other,183076.45,15256.37,Employed,Driver,118843.41,120,14.72,804,96377.18,4,5,Medical,Rented,Divorced,1,30595.64,2003.35,Fair,1,4,0
101910,24,Male,119817.72,9984.81,Retired,Engineer,185530.66,120,20.03,749,38829.18,1,6,Home,Owned,Single,3,42785.86,21691.16,Good,1,14,0
101911,64,Other,112278.67,9356.56,Employed,Clerk,251359.09,60,19.25,465,61062.04,8,1,Auto,Rented,Widowed,5,28686.18,14684.82,Poor,3,0,1
101912,21,Male,192413.53,16034.46,Employed,Teacher,311080.9,24,20.52,366,92054.24,2,0,Auto,Owned,Divorced,2,10929.27,17404.4,Poor,1,14,0
101913,59,Female,94206.66,7850.56,Employed,Business Owner,203992.04,180,8.48,445,60430.61,7,1,Personal,Mortgaged,Single,0,73094.96,24062.36,Excellent,0,30,0
101914,37,Other,96162.1,8013.51,Employed,Unemployed,216789.56,36,21.73,507,4629.15,1,5,Medical,Owned,Married,4,58592.5,12546.43,Poor,2,12,1
101915,46,Male,77506.83,6458.9,Employed,Clerk,133443.92,24,18.6,524,33392.4,6,3,Medical,Owned,Single,2,5301.59,22552.22,Good,0,17,0
101916,34,Male,121333.85,10111.15,Self-Employed,Engineer,268602.95,12,18.2,753,116412.14,2,2,Personal,Mortgaged,Single,0,72456.0,26310.93,Excellent,2,29,0
101917,45,Other,126694.26,10557.86,Self-Employed,Business Owner,111289.2,60,15.85,833,37275.61,2,6,Personal,Rented,Single,2,13637.22,3581.8,Excellent,0,0,0
101918,43,Male,150394.53,12532.88,Unemployed,Teacher,434028.06,24,21.69,711,122656.72,4,0,Education,Mortgaged,Divorced,3,7818.41,14003.86,Fair,1,23,1
101919,46,Female,103252.97,8604.41,Employed,Unemployed,374188.8,48,11.67,765,70036.17,1,1,Business,Mortgaged,Widowed,5,13857.35,3597.89,Poor,0,18,0
101920,40,Other,59656.64,4971.39,Employed,Business Owner,206318.94,36,17.22,368,70938.17,1,3,Auto,Mortgaged,Divorced,1,74642.71,277.34,Good,2,12,1
101921,47,Female,192702.62,16058.55,Employed,Business Owner,374119.47,60,16.43,382,115577.43,7,7,Business,Owned,Divorced,3,17703.54,2049.21,Good,0,9,0
101922,61,Female,85930.18,7160.85,Self-Employed,Business Owner,5483.98,180,17.04,800,57494.03,3,5,Auto,Owned,Single,1,62959.35,23688.59,Good,1,20,0
101923,42,Female,204203.4,17016.95,Employed,Teacher,173555.63,60,17.4,638,35772.09,5,5,Medical,Owned,Single,1,51443.06,3372.21,Fair,3,14,0
101924,38,Female,57507.43,4792.29,Employed,Driver,221269.97,84,7.03,429,15754.86,6,5,Education,Owned,Single,1,41457.85,34740.06,Excellent,3,13,0
101925,27,Female,129811.78,10817.65,Employed,Doctor,235959.66,24,9.96,736,100786.48,6,2,Education,Rented,Widowed,3,29247.49,30377.76,Good,1,23,0
101926,38,Female,125006.09,10417.17,Self-Employed,Clerk,374868.28,24,10.76,396,70491.38,6,3,Education,Mortgaged,Divorced,3,7434.73,352.73,Good,2,13,0
101927,27,Male,184872.81,15406.07,Self-Employed,Business Owner,481478.1,360,17.34,723,121411.03,9,7,Medical,Owned,Widowed,0,56852.38,22929.81,Excellent,1,28,0
101928,29,Female,43464.53,3622.04,Unemployed,Doctor,191238.57,120,16.75,786,68651.21,6,5,Medical,Mortgaged,Widowed,0,31582.52,410.08,Poor,0,9,0
101929,67,Other,201537.12,16794.76,Employed,Engineer,176598.73,12,18.92,569,62221.6,3,4,Education,Mortgaged,Single,4,42798.89,4367.79,Poor,0,24,0
101930,25,Other,123942.78,10328.56,Retired,Unemployed,306036.58,84,18.09,661,44827.81,2,0,Medical,Owned,Divorced,1,4140.95,39529.97,Good,3,19,1
101931,44,Male,135152.42,11262.7,Employed,Clerk,142064.3,12,14.53,703,29914.18,8,5,Personal,Rented,Divorced,3,62075.03,18280.93,Fair,0,31,1
101932,61,Other,119584.09,9965.34,Employed,Teacher,72392.47,12,6.09,785,124565.54,4,2,Medical,Rented,Divorced,0,55381.72,1088.45,Fair,1,14,0
101933,67,Other,22385.11,1865.43,Employed,Clerk,480847.35,48,15.26,621,14281.71,5,3,Medical,Rented,Divorced,3,42344.03,34012.58,Excellent,0,8,0
101934,28,Male,116903.59,9741.97,Employed,Driver,405145.92,120,19.91,461,135319.16,8,5,Auto,Rented,Married,5,39704.59,36693.79,Excellent,3,13,1
101935,29,Other,69027.68,5752.31,Employed,Teacher,479332.78,120,15.4,410,4036.37,2,3,Business,Mortgaged,Single,2,26962.46,21935.34,Fair,0,23,0
101936,39,Female,85251.08,7104.26,Employed,Clerk,110480.77,180,20.07,495,78337.85,2,4,Auto,Rented,Widowed,3,27392.31,28237.68,Good,2,15,0
101937,48,Female,148065.83,12338.82,Employed,Doctor,10868.99,24,21.98,330,8749.28,0,0,Auto,Mortgaged,Divorced,1,5477.27,31204.85,Fair,1,31,1
101938,68,Other,117027.91,9752.33,Self-Employed,Driver,219756.26,24,10.15,684,116941.07,0,1,Education,Owned,Widowed,1,54937.09,29386.87,Good,2,5,0
101939,31,Female,34109.73,2842.48,Self-Employed,Clerk,466937.26,84,16.88,503,31724.48,6,4,Home,Owned,Single,0,3597.84,19780.88,Fair,0,10,0
101940,29,Female,29973.46,2497.79,Self-Employed,Driver,70886.02,240,13.49,692,84888.39,5,7,Auto,Rented,Single,2,113.5,33307.38,Excellent,0,34,0
101941,33,Male,53059.83,4421.65,Employed,Driver,60358.39,180,11.92,334,137466.92,2,6,Personal,Mortgaged,Widowed,5,2478.49,21093.14,Excellent,0,27,0
101942,63,Other,54131.46,4510.96,Employed,Unemployed,36338.49,120,7.94,477,97388.84,2,3,Home,Rented,Widowed,0,16275.8,10380.13,Excellent,2,2,0
101943,22,Other,139701.66,11641.8,Self-Employed,Business Owner,382978.96,12,8.05,517,26747.99,6,7,Business,Owned,Widowed,2,45615.66,162.68,Good,2,32,1
101944,39,Male,51451.97,4287.66,Employed,Doctor,393391.41,240,6.92,348,119501.67,0,2,Personal,Mortgaged,Married,5,54492.74,14343.6,Fair,3,14,1
101945,26,Other,195752.48,16312.71,Employed,Teacher,348297.28,360,15.18,756,66221.94,7,7,Auto,Owned,Widowed,2,33659.07,3303.43,Fair,3,22,0
101946,28,Male,58000.94,4833.41,Employed,Driver,28539.34,84,6.13,629,1976.51,9,3,Education,Owned,Single,4,32691.1,2531.06,Good,3,0,0
101947,65,Female,33681.95,2806.83,Self-Employed,Unemployed,362197.59,48,11.48,765,73014.75,4,0,Medical,Owned,Widowed,2,46142.87,18768.97,Good,0,5,0
101948,21,Other,194527.93,16210.66,Employed,Business Owner,225417.15,120,13.18,741,121872.7,4,0,Medical,Owned,Married,3,47746.21,37746.98,Excellent,2,24,0
101949,36,Male,75542.15,6295.18,Self-Employed,Clerk,80631.42,120,11.61,318,64493.64,5,7,Medical,Mortgaged,Single,5,67599.81,4220.58,Good,2,9,1
101950,65,Female,102211.64,8517.64,Employed,Driver,148972.75,360,19.32,776,113764.21,0,5,Business,Owned,Divorced,3,65527.05,10950.0,Poor,2,4,1
101951,50,Male,211600.41,17633.37,Employed,Engineer,251571.13,24,11.7,338,105828.88,6,1,Medical,Owned,Married,4,65882.1,33203.13,Excellent,2,23,1
101952,24,Other,208595.69,17382.97,Employed,Doctor,166166.43,84,5.03,780,68536.85,3,7,Education,Rented,Single,4,67533.82,16073.19,Fair,2,7,0
101953,43,Female,161557.96,13463.16,Employed,Driver,484935.11,180,21.86,669,48492.39,4,0,Business,Owned,Divorced,0,70386.44,30352.15,Excellent,2,30,0
101954,68,Female,29132.49,2427.71,Employed,Unemployed,238421.39,48,19.13,751,108981.0,0,2,Personal,Mortgaged,Widowed,0,44425.34,21693.37,Good,2,6,0
101955,40,Other,136634.73,11386.23,Employed,Teacher,187330.95,240,15.71,575,55337.76,8,5,Medical,Rented,Married,3,47613.37,24157.25,Fair,2,0,0
101956,46,Female,217760.98,18146.75,Employed,Driver,337236.38,12,17.49,388,25513.07,3,0,Education,Rented,Widowed,2,58178.08,6445.73,Fair,0,13,0
101957,47,Other,209117.83,17426.49,Employed,Driver,325971.44,24,5.87,382,48129.46,0,7,Medical,Owned,Divorced,2,15920.6,14091.29,Good,2,11,0
101958,53,Male,36730.51,3060.88,Self-Employed,Engineer,3214.76,180,17.67,365,131525.88,7,5,Business,Owned,Single,2,28836.88,24870.22,Poor,0,22,1
101959,30,Male,96173.3,8014.44,Employed,Doctor,309999.9,24,7.34,743,42508.37,9,7,Home,Rented,Married,4,73012.24,1070.73,Fair,3,8,0
101960,62,Other,79685.03,6640.42,Employed,Doctor,123396.95,60,12.55,594,35244.08,5,6,Business,Mortgaged,Widowed,5,41820.99,7533.06,Good,3,34,0
101961,69,Other,41594.26,3466.19,Employed,Unemployed,188866.35,36,6.79,419,20013.01,0,6,Medical,Mortgaged,Single,5,4143.01,15459.78,Good,0,14,0
101962,27,Female,157433.65,13119.47,Employed,Engineer,353761.75,120,17.45,368,8276.68,9,1,Education,Mortgaged,Widowed,0,32444.78,26983.78,Good,3,24,0
101963,61,Female,71138.91,5928.24,Employed,Unemployed,279578.34,12,8.05,343,146503.85,2,1,Business,Mortgaged,Divorced,4,12863.14,20383.55,Good,1,26,0
101964,61,Male,85697.49,7141.46,Self-Employed,Clerk,185590.26,48,8.18,442,80516.52,2,1,Medical,Mortgaged,Divorced,4,28502.95,28749.29,Fair,2,30,1
101965,57,Other,33523.57,2793.63,Employed,Teacher,85370.36,360,5.52,712,109446.67,7,1,Medical,Owned,Divorced,5,43598.08,29074.48,Good,2,17,0
101966,39,Other,117083.35,9756.95,Self-Employed,Business Owner,253730.13,48,16.83,791,115946.02,3,5,Education,Owned,Divorced,2,40410.91,1242.19,Good,0,7,0
101967,43,Male,47424.41,3952.03,Employed,Driver,161044.28,84,8.97,635,52847.55,0,0,Personal,Owned,Divorced,3,39237.52,36068.5,Excellent,3,18,1
101968,62,Female,103578.54,8631.54,Employed,Unemployed,456638.05,360,13.09,848,119835.89,6,3,Business,Owned,Divorced,2,1467.12,32968.61,Excellent,2,14,0
101969,28,Female,44385.16,3698.76,Self-Employed,Business Owner,268104.63,120,9.65,517,144222.64,2,4,Business,Rented,Divorced,2,35608.39,10842.73,Good,1,21,0
101970,61,Female,210539.23,17544.94,Employed,Unemployed,433250.07,180,17.83,483,111264.28,8,4,Personal,Rented,Divorced,1,2317.1,19381.0,Fair,2,8,0
101971,66,Other,44721.42,3726.78,Employed,Doctor,196310.15,360,7.69,681,106759.97,1,3,Auto,Mortgaged,Married,3,32388.86,12326.0,Fair,3,18,1
101972,54,Male,121986.87,10165.57,Employed,Teacher,414063.71,120,20.91,374,64835.07,9,1,Auto,Owned,Married,0,51759.99,36265.69,Poor,2,33,0
101973,37,Male,55380.86,4615.07,Retired,Doctor,30155.38,240,9.44,802,126198.02,7,0,Home,Owned,Widowed,4,10072.36,15312.76,Fair,2,24,0
101974,48,Male,30654.17,2554.51,Retired,Driver,150463.27,84,5.42,729,13325.61,2,7,Medical,Rented,Widowed,5,73341.82,15842.13,Excellent,3,33,1
101975,23,Other,56473.27,4706.11,Employed,Engineer,40931.61,240,7.95,318,112452.56,5,3,Auto,Mortgaged,Divorced,1,50440.92,36476.48,Fair,2,3,1
101976,66,Female,26228.69,2185.72,Self-Employed,Engineer,17761.79,120,4.87,403,54299.03,9,4,Personal,Rented,Married,1,17407.89,24027.76,Fair,0,22,0
101977,37,Other,43576.46,3631.37,Employed,Engineer,459593.4,48,12.17,645,84896.09,0,4,Personal,Mortgaged,Divorced,3,31527.01,5514.78,Good,3,0,0
101978,23,Female,116164.25,9680.35,Employed,Clerk,359000.63,84,8.13,706,133944.57,8,2,Personal,Rented,Divorced,5,7752.58,25040.67,Good,3,7,0
101979,59,Male,148622.18,12385.18,Self-Employed,Engineer,313304.81,48,19.89,420,90752.93,4,5,Medical,Owned,Married,0,1765.06,31777.91,Good,2,28,0
101980,53,Female,32904.66,2742.06,Employed,Unemployed,267181.42,48,13.07,711,3837.23,9,3,Medical,Rented,Single,2,73268.92,13513.65,Excellent,0,3,0
101981,51,Male,105408.82,8784.07,Employed,Engineer,285637.91,36,7.82,561,108390.73,2,3,Home,Mortgaged,Divorced,1,54014.72,21080.22,Excellent,2,16,0
101982,23,Other,134155.64,11179.64,Self-Employed,Engineer,320067.81,60,11.85,672,139353.68,7,6,Medical,Mortgaged,Married,5,62371.69,25073.66,Excellent,0,2,0
101983,57,Other,63016.26,5251.36,Employed,Teacher,413636.74,48,7.13,533,96301.79,9,2,Auto,Mortgaged,Single,5,49773.83,20416.67,Good,3,10,1
101984,52,Other,91276.07,7606.34,Self-Employed,Driver,299250.5,120,6.81,550,129213.01,3,5,Business,Owned,Widowed,0,72541.24,39964.98,Poor,3,4,1
101985,59,Female,29726.15,2477.18,Employed,Unemployed,374793.22,48,9.06,514,123794.36,1,5,Personal,Mortgaged,Divorced,0,71673.51,20271.71,Excellent,0,15,0
101986,61,Male,60126.87,5010.57,Employed,Teacher,141927.07,60,5.5,386,129193.84,3,0,Home,Rented,Single,0,4652.68,25734.92,Excellent,0,22,0
101987,31,Male,110684.35,9223.7,Employed,Clerk,488427.35,24,6.99,404,51615.06,5,5,Auto,Rented,Single,4,15157.6,31743.58,Fair,3,22,1
101988,31,Female,218040.65,18170.05,Retired,Driver,17884.81,48,20.85,392,71124.53,6,6,Medical,Rented,Divorced,5,31663.19,5463.33,Poor,3,32,0
101989,66,Female,219234.34,18269.53,Employed,Driver,194515.14,48,15.84,742,127205.03,4,2,Home,Mortgaged,Widowed,2,27287.16,1756.41,Good,3,4,0
101990,47,Other,215822.44,17985.2,Employed,Teacher,441260.68,360,20.54,533,136559.79,9,7,Auto,Rented,Married,0,42045.8,38919.59,Good,0,14,0
101991,42,Other,101732.71,8477.73,Self-Employed,Driver,91900.44,60,8.25,509,22026.22,5,0,Home,Rented,Widowed,3,21322.54,29290.37,Good,2,18,0
101992,35,Male,31539.48,2628.29,Retired,Unemployed,72386.37,12,19.35,771,27229.86,6,1,Auto,Owned,Single,5,63796.73,15731.28,Fair,3,3,0
101993,52,Male,81332.55,6777.71,Unemployed,Driver,183984.52,48,10.2,788,52024.44,9,7,Business,Mortgaged,Divorced,5,599.51,706.75,Fair,0,3,0
101994,57,Female,63731.45,5310.95,Employed,Clerk,215240.96,180,6.17,428,115544.67,9,6,Medical,Rented,Widowed,2,63321.05,6655.99,Excellent,1,10,0
101995,21,Female,17895.95,1491.33,Employed,Business Owner,466830.24,24,18.39,495,131247.17,3,6,Business,Mortgaged,Widowed,4,31469.62,389.91,Poor,1,30,1
101996,48,Male,34522.89,2876.91,Employed,Unemployed,418387.53,24,4.6,526,87036.02,2,4,Auto,Owned,Single,5,410.8,15858.29,Fair,2,20,0
101997,69,Other,107904.35,8992.03,Self-Employed,Unemployed,233116.64,48,10.99,762,16990.23,7,1,Medical,Mortgaged,Divorced,4,67765.14,22194.21,Fair,1,19,0
101998,34,Other,84630.81,7052.57,Unemployed,Clerk,486541.6,48,18.66,670,45562.23,5,3,Education,Mortgaged,Single,2,35740.36,6423.33,Excellent,1,19,0
101999,34,Female,51972.51,4331.04,Self-Employed,Driver,321854.65,60,14.92,600,128553.45,4,4,Auto,Mortgaged,Single,1,57978.13,25594.29,Poor,1,28,1
